Time differences (ps),Counts per bin,g2_normalized
-150000,59,1.1127461139896373
-149900,48,0.9052849740932642
-149800,48,0.9052849740932642
-149700,69,1.3013471502590674
-149600,50,0.9430051813471503
-149500,56,1.0561658031088084
-149400,42,0.7921243523316063
-149300,58,1.0938860103626944
-149200,47,0.8864248704663212
-149100,67,1.2636269430051814
-149000,44,0.8298445595854922
-148900,52,0.9807253886010363
-148800,52,0.9807253886010363
-148700,44,0.8298445595854922
-148600,47,0.8864248704663212
-148500,51,0.9618652849740933
-148400,55,1.0373056994818652
-148300,53,0.9995854922279793
-148200,44,0.8298445595854922
-148100,45,0.8487046632124352
-148000,55,1.0373056994818652
-147900,66,1.2447668393782383
-147800,47,0.8864248704663212
-147700,48,0.9052849740932642
-147600,45,0.8487046632124352
-147500,55,1.0373056994818652
-147400,44,0.8298445595854922
-147300,47,0.8864248704663212
-147200,50,0.9430051813471503
-147100,51,0.9618652849740933
-147000,55,1.0373056994818652
-146900,54,1.0184455958549223
-146800,51,0.9618652849740933
-146700,45,0.8487046632124352
-146600,48,0.9052849740932642
-146500,53,0.9995854922279793
-146400,57,1.0750259067357513
-146300,59,1.1127461139896373
-146200,49,0.9241450777202073
-146100,48,0.9052849740932642
-146000,47,0.8864248704663212
-145900,51,0.9618652849740933
-145800,44,0.8298445595854922
-145700,49,0.9241450777202073
-145600,51,0.9618652849740933
-145500,62,1.1693264248704662
-145400,52,0.9807253886010363
-145300,74,1.3956476683937824
-145200,62,1.1693264248704662
-145100,49,0.9241450777202073
-145000,50,0.9430051813471503
-144900,53,0.9995854922279793
-144800,44,0.8298445595854922
-144700,52,0.9807253886010363
-144600,40,0.7544041450777202
-144500,59,1.1127461139896373
-144400,54,1.0184455958549223
-144300,59,1.1127461139896373
-144200,69,1.3013471502590674
-144100,42,0.7921243523316063
-144000,47,0.8864248704663212
-143900,51,0.9618652849740933
-143800,49,0.9241450777202073
-143700,46,0.8675647668393782
-143600,56,1.0561658031088084
-143500,56,1.0561658031088084
-143400,59,1.1127461139896373
-143300,53,0.9995854922279793
-143200,47,0.8864248704663212
-143100,57,1.0750259067357513
-143000,43,0.8109844559585492
-142900,47,0.8864248704663212
-142800,60,1.1316062176165804
-142700,53,0.9995854922279793
-142600,60,1.1316062176165804
-142500,40,0.7544041450777202
-142400,43,0.8109844559585492
-142300,49,0.9241450777202073
-142200,60,1.1316062176165804
-142100,66,1.2447668393782383
-142000,60,1.1316062176165804
-141900,55,1.0373056994818652
-141800,45,0.8487046632124352
-141700,53,0.9995854922279793
-141600,63,1.1881865284974094
-141500,36,0.6789637305699482
-141400,59,1.1127461139896373
-141300,64,1.2070466321243523
-141200,63,1.1881865284974094
-141100,55,1.0373056994818652
-141000,56,1.0561658031088084
-140900,45,0.8487046632124352
-140800,53,0.9995854922279793
-140700,32,0.6035233160621761
-140600,50,0.9430051813471503
-140500,43,0.8109844559585492
-140400,66,1.2447668393782383
-140300,48,0.9052849740932642
-140200,44,0.8298445595854922
-140100,52,0.9807253886010363
-140000,52,0.9807253886010363
-139900,38,0.7166839378238342
-139800,44,0.8298445595854922
-139700,53,0.9995854922279793
-139600,48,0.9052849740932642
-139500,55,1.0373056994818652
-139400,58,1.0938860103626944
-139300,50,0.9430051813471503
-139200,59,1.1127461139896373
-139100,45,0.8487046632124352
-139000,45,0.8487046632124352
-138900,51,0.9618652849740933
-138800,53,0.9995854922279793
-138700,64,1.2070466321243523
-138600,57,1.0750259067357513
-138500,53,0.9995854922279793
-138400,48,0.9052849740932642
-138300,45,0.8487046632124352
-138200,47,0.8864248704663212
-138100,52,0.9807253886010363
-138000,60,1.1316062176165804
-137900,53,0.9995854922279793
-137800,58,1.0938860103626944
-137700,53,0.9995854922279793
-137600,54,1.0184455958549223
-137500,66,1.2447668393782383
-137400,47,0.8864248704663212
-137300,46,0.8675647668393782
-137200,51,0.9618652849740933
-137100,67,1.2636269430051814
-137000,57,1.0750259067357513
-136900,58,1.0938860103626944
-136800,50,0.9430051813471503
-136700,48,0.9052849740932642
-136600,49,0.9241450777202073
-136500,49,0.9241450777202073
-136400,55,1.0373056994818652
-136300,47,0.8864248704663212
-136200,43,0.8109844559585492
-136100,54,1.0184455958549223
-136000,51,0.9618652849740933
-135900,56,1.0561658031088084
-135800,44,0.8298445595854922
-135700,52,0.9807253886010363
-135600,53,0.9995854922279793
-135500,55,1.0373056994818652
-135400,48,0.9052849740932642
-135300,57,1.0750259067357513
-135200,42,0.7921243523316063
-135100,60,1.1316062176165804
-135000,56,1.0561658031088084
-134900,61,1.1504663212435233
-134800,67,1.2636269430051814
-134700,60,1.1316062176165804
-134600,52,0.9807253886010363
-134500,53,0.9995854922279793
-134400,67,1.2636269430051814
-134300,44,0.8298445595854922
-134200,53,0.9995854922279793
-134100,68,1.2824870466321243
-134000,56,1.0561658031088084
-133900,61,1.1504663212435233
-133800,44,0.8298445595854922
-133700,50,0.9430051813471503
-133600,54,1.0184455958549223
-133500,52,0.9807253886010363
-133400,49,0.9241450777202073
-133300,45,0.8487046632124352
-133200,52,0.9807253886010363
-133100,53,0.9995854922279793
-133000,52,0.9807253886010363
-132900,50,0.9430051813471503
-132800,50,0.9430051813471503
-132700,57,1.0750259067357513
-132600,47,0.8864248704663212
-132500,65,1.2259067357512954
-132400,60,1.1316062176165804
-132300,47,0.8864248704663212
-132200,59,1.1127461139896373
-132100,65,1.2259067357512954
-132000,56,1.0561658031088084
-131900,48,0.9052849740932642
-131800,52,0.9807253886010363
-131700,57,1.0750259067357513
-131600,54,1.0184455958549223
-131500,50,0.9430051813471503
-131400,59,1.1127461139896373
-131300,40,0.7544041450777202
-131200,55,1.0373056994818652
-131100,49,0.9241450777202073
-131000,58,1.0938860103626944
-130900,47,0.8864248704663212
-130800,51,0.9618652849740933
-130700,60,1.1316062176165804
-130600,59,1.1127461139896373
-130500,50,0.9430051813471503
-130400,65,1.2259067357512954
-130300,60,1.1316062176165804
-130200,52,0.9807253886010363
-130100,52,0.9807253886010363
-130000,37,0.6978238341968912
-129900,54,1.0184455958549223
-129800,58,1.0938860103626944
-129700,51,0.9618652849740933
-129600,49,0.9241450777202073
-129500,58,1.0938860103626944
-129400,46,0.8675647668393782
-129300,54,1.0184455958549223
-129200,52,0.9807253886010363
-129100,55,1.0373056994818652
-129000,52,0.9807253886010363
-128900,65,1.2259067357512954
-128800,56,1.0561658031088084
-128700,55,1.0373056994818652
-128600,56,1.0561658031088084
-128500,47,0.8864248704663212
-128400,59,1.1127461139896373
-128300,64,1.2070466321243523
-128200,52,0.9807253886010363
-128100,56,1.0561658031088084
-128000,62,1.1693264248704662
-127900,52,0.9807253886010363
-127800,41,0.7732642487046633
-127700,52,0.9807253886010363
-127600,53,0.9995854922279793
-127500,50,0.9430051813471503
-127400,77,1.4522279792746113
-127300,52,0.9807253886010363
-127200,49,0.9241450777202073
-127100,63,1.1881865284974094
-127000,45,0.8487046632124352
-126900,65,1.2259067357512954
-126800,51,0.9618652849740933
-126700,46,0.8675647668393782
-126600,43,0.8109844559585492
-126500,54,1.0184455958549223
-126400,64,1.2070466321243523
-126300,45,0.8487046632124352
-126200,51,0.9618652849740933
-126100,54,1.0184455958549223
-126000,43,0.8109844559585492
-125900,53,0.9995854922279793
-125800,53,0.9995854922279793
-125700,57,1.0750259067357513
-125600,55,1.0373056994818652
-125500,63,1.1881865284974094
-125400,51,0.9618652849740933
-125300,49,0.9241450777202073
-125200,58,1.0938860103626944
-125100,52,0.9807253886010363
-125000,58,1.0938860103626944
-124900,49,0.9241450777202073
-124800,53,0.9995854922279793
-124700,51,0.9618652849740933
-124600,66,1.2447668393782383
-124500,47,0.8864248704663212
-124400,54,1.0184455958549223
-124300,49,0.9241450777202073
-124200,50,0.9430051813471503
-124100,46,0.8675647668393782
-124000,51,0.9618652849740933
-123900,49,0.9241450777202073
-123800,49,0.9241450777202073
-123700,55,1.0373056994818652
-123600,59,1.1127461139896373
-123500,48,0.9052849740932642
-123400,52,0.9807253886010363
-123300,54,1.0184455958549223
-123200,52,0.9807253886010363
-123100,55,1.0373056994818652
-123000,60,1.1316062176165804
-122900,51,0.9618652849740933
-122800,58,1.0938860103626944
-122700,55,1.0373056994818652
-122600,56,1.0561658031088084
-122500,52,0.9807253886010363
-122400,66,1.2447668393782383
-122300,43,0.8109844559585492
-122200,55,1.0373056994818652
-122100,49,0.9241450777202073
-122000,69,1.3013471502590674
-121900,44,0.8298445595854922
-121800,49,0.9241450777202073
-121700,42,0.7921243523316063
-121600,54,1.0184455958549223
-121500,52,0.9807253886010363
-121400,40,0.7544041450777202
-121300,52,0.9807253886010363
-121200,53,0.9995854922279793
-121100,62,1.1693264248704662
-121000,53,0.9995854922279793
-120900,55,1.0373056994818652
-120800,56,1.0561658031088084
-120700,65,1.2259067357512954
-120600,47,0.8864248704663212
-120500,57,1.0750259067357513
-120400,44,0.8298445595854922
-120300,53,0.9995854922279793
-120200,39,0.7355440414507772
-120100,50,0.9430051813471503
-120000,55,1.0373056994818652
-119900,40,0.7544041450777202
-119800,56,1.0561658031088084
-119700,61,1.1504663212435233
-119600,62,1.1693264248704662
-119500,56,1.0561658031088084
-119400,53,0.9995854922279793
-119300,52,0.9807253886010363
-119200,52,0.9807253886010363
-119100,57,1.0750259067357513
-119000,54,1.0184455958549223
-118900,57,1.0750259067357513
-118800,60,1.1316062176165804
-118700,62,1.1693264248704662
-118600,62,1.1693264248704662
-118500,59,1.1127461139896373
-118400,54,1.0184455958549223
-118300,56,1.0561658031088084
-118200,42,0.7921243523316063
-118100,58,1.0938860103626944
-118000,55,1.0373056994818652
-117900,56,1.0561658031088084
-117800,53,0.9995854922279793
-117700,48,0.9052849740932642
-117600,54,1.0184455958549223
-117500,49,0.9241450777202073
-117400,55,1.0373056994818652
-117300,53,0.9995854922279793
-117200,54,1.0184455958549223
-117100,56,1.0561658031088084
-117000,52,0.9807253886010363
-116900,43,0.8109844559585492
-116800,50,0.9430051813471503
-116700,46,0.8675647668393782
-116600,50,0.9430051813471503
-116500,65,1.2259067357512954
-116400,53,0.9995854922279793
-116300,59,1.1127461139896373
-116200,58,1.0938860103626944
-116100,48,0.9052849740932642
-116000,56,1.0561658031088084
-115900,46,0.8675647668393782
-115800,57,1.0750259067357513
-115700,66,1.2447668393782383
-115600,45,0.8487046632124352
-115500,47,0.8864248704663212
-115400,45,0.8487046632124352
-115300,48,0.9052849740932642
-115200,56,1.0561658031088084
-115100,51,0.9618652849740933
-115000,47,0.8864248704663212
-114900,63,1.1881865284974094
-114800,51,0.9618652849740933
-114700,50,0.9430051813471503
-114600,60,1.1316062176165804
-114500,54,1.0184455958549223
-114400,41,0.7732642487046633
-114300,46,0.8675647668393782
-114200,66,1.2447668393782383
-114100,48,0.9052849740932642
-114000,52,0.9807253886010363
-113900,59,1.1127461139896373
-113800,47,0.8864248704663212
-113700,52,0.9807253886010363
-113600,52,0.9807253886010363
-113500,57,1.0750259067357513
-113400,56,1.0561658031088084
-113300,55,1.0373056994818652
-113200,47,0.8864248704663212
-113100,50,0.9430051813471503
-113000,50,0.9430051813471503
-112900,44,0.8298445595854922
-112800,57,1.0750259067357513
-112700,55,1.0373056994818652
-112600,64,1.2070466321243523
-112500,40,0.7544041450777202
-112400,59,1.1127461139896373
-112300,46,0.8675647668393782
-112200,43,0.8109844559585492
-112100,49,0.9241450777202073
-112000,59,1.1127461139896373
-111900,47,0.8864248704663212
-111800,67,1.2636269430051814
-111700,61,1.1504663212435233
-111600,53,0.9995854922279793
-111500,44,0.8298445595854922
-111400,57,1.0750259067357513
-111300,50,0.9430051813471503
-111200,35,0.6601036269430052
-111100,53,0.9995854922279793
-111000,63,1.1881865284974094
-110900,58,1.0938860103626944
-110800,42,0.7921243523316063
-110700,32,0.6035233160621761
-110600,51,0.9618652849740933
-110500,48,0.9052849740932642
-110400,51,0.9618652849740933
-110300,77,1.4522279792746113
-110200,44,0.8298445595854922
-110100,53,0.9995854922279793
-110000,44,0.8298445595854922
-109900,43,0.8109844559585492
-109800,58,1.0938860103626944
-109700,64,1.2070466321243523
-109600,47,0.8864248704663212
-109500,44,0.8298445595854922
-109400,50,0.9430051813471503
-109300,57,1.0750259067357513
-109200,60,1.1316062176165804
-109100,60,1.1316062176165804
-109000,54,1.0184455958549223
-108900,50,0.9430051813471503
-108800,64,1.2070466321243523
-108700,45,0.8487046632124352
-108600,43,0.8109844559585492
-108500,42,0.7921243523316063
-108400,61,1.1504663212435233
-108300,57,1.0750259067357513
-108200,53,0.9995854922279793
-108100,59,1.1127461139896373
-108000,58,1.0938860103626944
-107900,42,0.7921243523316063
-107800,54,1.0184455958549223
-107700,53,0.9995854922279793
-107600,42,0.7921243523316063
-107500,41,0.7732642487046633
-107400,46,0.8675647668393782
-107300,53,0.9995854922279793
-107200,46,0.8675647668393782
-107100,52,0.9807253886010363
-107000,51,0.9618652849740933
-106900,51,0.9618652849740933
-106800,54,1.0184455958549223
-106700,56,1.0561658031088084
-106600,34,0.6412435233160622
-106500,58,1.0938860103626944
-106400,56,1.0561658031088084
-106300,57,1.0750259067357513
-106200,47,0.8864248704663212
-106100,64,1.2070466321243523
-106000,57,1.0750259067357513
-105900,53,0.9995854922279793
-105800,51,0.9618652849740933
-105700,56,1.0561658031088084
-105600,58,1.0938860103626944
-105500,40,0.7544041450777202
-105400,72,1.3579274611398964
-105300,60,1.1316062176165804
-105200,43,0.8109844559585492
-105100,57,1.0750259067357513
-105000,50,0.9430051813471503
-104900,50,0.9430051813471503
-104800,50,0.9430051813471503
-104700,50,0.9430051813471503
-104600,53,0.9995854922279793
-104500,58,1.0938860103626944
-104400,60,1.1316062176165804
-104300,54,1.0184455958549223
-104200,51,0.9618652849740933
-104100,69,1.3013471502590674
-104000,60,1.1316062176165804
-103900,50,0.9430051813471503
-103800,46,0.8675647668393782
-103700,62,1.1693264248704662
-103600,58,1.0938860103626944
-103500,71,1.3390673575129535
-103400,53,0.9995854922279793
-103300,44,0.8298445595854922
-103200,53,0.9995854922279793
-103100,42,0.7921243523316063
-103000,49,0.9241450777202073
-102900,43,0.8109844559585492
-102800,54,1.0184455958549223
-102700,47,0.8864248704663212
-102600,62,1.1693264248704662
-102500,55,1.0373056994818652
-102400,75,1.4145077720207253
-102300,35,0.6601036269430052
-102200,44,0.8298445595854922
-102100,53,0.9995854922279793
-102000,55,1.0373056994818652
-101900,46,0.8675647668393782
-101800,47,0.8864248704663212
-101700,51,0.9618652849740933
-101600,44,0.8298445595854922
-101500,52,0.9807253886010363
-101400,54,1.0184455958549223
-101300,42,0.7921243523316063
-101200,43,0.8109844559585492
-101100,55,1.0373056994818652
-101000,53,0.9995854922279793
-100900,59,1.1127461139896373
-100800,46,0.8675647668393782
-100700,56,1.0561658031088084
-100600,60,1.1316062176165804
-100500,53,0.9995854922279793
-100400,59,1.1127461139896373
-100300,64,1.2070466321243523
-100200,59,1.1127461139896373
-100100,57,1.0750259067357513
-100000,53,0.9995854922279793
-99900,60,1.1316062176165804
-99800,58,1.0938860103626944
-99700,52,0.9807253886010363
-99600,52,0.9807253886010363
-99500,54,1.0184455958549223
-99400,55,1.0373056994818652
-99300,45,0.8487046632124352
-99200,61,1.1504663212435233
-99100,50,0.9430051813471503
-99000,56,1.0561658031088084
-98900,61,1.1504663212435233
-98800,59,1.1127461139896373
-98700,49,0.9241450777202073
-98600,55,1.0373056994818652
-98500,39,0.7355440414507772
-98400,45,0.8487046632124352
-98300,49,0.9241450777202073
-98200,53,0.9995854922279793
-98100,62,1.1693264248704662
-98000,45,0.8487046632124352
-97900,47,0.8864248704663212
-97800,48,0.9052849740932642
-97700,55,1.0373056994818652
-97600,47,0.8864248704663212
-97500,48,0.9052849740932642
-97400,58,1.0938860103626944
-97300,38,0.7166839378238342
-97200,57,1.0750259067357513
-97100,55,1.0373056994818652
-97000,61,1.1504663212435233
-96900,51,0.9618652849740933
-96800,49,0.9241450777202073
-96700,64,1.2070466321243523
-96600,56,1.0561658031088084
-96500,44,0.8298445595854922
-96400,49,0.9241450777202073
-96300,58,1.0938860103626944
-96200,55,1.0373056994818652
-96100,53,0.9995854922279793
-96000,61,1.1504663212435233
-95900,47,0.8864248704663212
-95800,65,1.2259067357512954
-95700,67,1.2636269430051814
-95600,48,0.9052849740932642
-95500,58,1.0938860103626944
-95400,46,0.8675647668393782
-95300,61,1.1504663212435233
-95200,49,0.9241450777202073
-95100,54,1.0184455958549223
-95000,48,0.9052849740932642
-94900,68,1.2824870466321243
-94800,64,1.2070466321243523
-94700,60,1.1316062176165804
-94600,41,0.7732642487046633
-94500,60,1.1316062176165804
-94400,41,0.7732642487046633
-94300,47,0.8864248704663212
-94200,55,1.0373056994818652
-94100,59,1.1127461139896373
-94000,65,1.2259067357512954
-93900,61,1.1504663212435233
-93800,51,0.9618652849740933
-93700,60,1.1316062176165804
-93600,58,1.0938860103626944
-93500,57,1.0750259067357513
-93400,45,0.8487046632124352
-93300,49,0.9241450777202073
-93200,50,0.9430051813471503
-93100,49,0.9241450777202073
-93000,46,0.8675647668393782
-92900,60,1.1316062176165804
-92800,54,1.0184455958549223
-92700,59,1.1127461139896373
-92600,67,1.2636269430051814
-92500,46,0.8675647668393782
-92400,46,0.8675647668393782
-92300,48,0.9052849740932642
-92200,60,1.1316062176165804
-92100,57,1.0750259067357513
-92000,45,0.8487046632124352
-91900,43,0.8109844559585492
-91800,59,1.1127461139896373
-91700,68,1.2824870466321243
-91600,62,1.1693264248704662
-91500,52,0.9807253886010363
-91400,54,1.0184455958549223
-91300,69,1.3013471502590674
-91200,60,1.1316062176165804
-91100,67,1.2636269430051814
-91000,48,0.9052849740932642
-90900,43,0.8109844559585492
-90800,56,1.0561658031088084
-90700,51,0.9618652849740933
-90600,55,1.0373056994818652
-90500,53,0.9995854922279793
-90400,52,0.9807253886010363
-90300,59,1.1127461139896373
-90200,66,1.2447668393782383
-90100,66,1.2447668393782383
-90000,44,0.8298445595854922
-89900,56,1.0561658031088084
-89800,53,0.9995854922279793
-89700,44,0.8298445595854922
-89600,53,0.9995854922279793
-89500,57,1.0750259067357513
-89400,64,1.2070466321243523
-89300,50,0.9430051813471503
-89200,55,1.0373056994818652
-89100,45,0.8487046632124352
-89000,59,1.1127461139896373
-88900,57,1.0750259067357513
-88800,54,1.0184455958549223
-88700,58,1.0938860103626944
-88600,64,1.2070466321243523
-88500,51,0.9618652849740933
-88400,51,0.9618652849740933
-88300,47,0.8864248704663212
-88200,59,1.1127461139896373
-88100,58,1.0938860103626944
-88000,48,0.9052849740932642
-87900,66,1.2447668393782383
-87800,69,1.3013471502590674
-87700,65,1.2259067357512954
-87600,60,1.1316062176165804
-87500,59,1.1127461139896373
-87400,50,0.9430051813471503
-87300,44,0.8298445595854922
-87200,48,0.9052849740932642
-87100,65,1.2259067357512954
-87000,48,0.9052849740932642
-86900,50,0.9430051813471503
-86800,50,0.9430051813471503
-86700,61,1.1504663212435233
-86600,47,0.8864248704663212
-86500,51,0.9618652849740933
-86400,60,1.1316062176165804
-86300,55,1.0373056994818652
-86200,43,0.8109844559585492
-86100,57,1.0750259067357513
-86000,35,0.6601036269430052
-85900,48,0.9052849740932642
-85800,56,1.0561658031088084
-85700,57,1.0750259067357513
-85600,48,0.9052849740932642
-85500,57,1.0750259067357513
-85400,44,0.8298445595854922
-85300,52,0.9807253886010363
-85200,62,1.1693264248704662
-85100,65,1.2259067357512954
-85000,41,0.7732642487046633
-84900,49,0.9241450777202073
-84800,50,0.9430051813471503
-84700,64,1.2070466321243523
-84600,51,0.9618652849740933
-84500,57,1.0750259067357513
-84400,44,0.8298445595854922
-84300,63,1.1881865284974094
-84200,54,1.0184455958549223
-84100,51,0.9618652849740933
-84000,49,0.9241450777202073
-83900,43,0.8109844559585492
-83800,55,1.0373056994818652
-83700,50,0.9430051813471503
-83600,48,0.9052849740932642
-83500,47,0.8864248704663212
-83400,67,1.2636269430051814
-83300,68,1.2824870466321243
-83200,47,0.8864248704663212
-83100,56,1.0561658031088084
-83000,39,0.7355440414507772
-82900,66,1.2447668393782383
-82800,61,1.1504663212435233
-82700,51,0.9618652849740933
-82600,48,0.9052849740932642
-82500,56,1.0561658031088084
-82400,55,1.0373056994818652
-82300,55,1.0373056994818652
-82200,48,0.9052849740932642
-82100,56,1.0561658031088084
-82000,45,0.8487046632124352
-81900,51,0.9618652849740933
-81800,39,0.7355440414507772
-81700,57,1.0750259067357513
-81600,47,0.8864248704663212
-81500,56,1.0561658031088084
-81400,55,1.0373056994818652
-81300,56,1.0561658031088084
-81200,56,1.0561658031088084
-81100,66,1.2447668393782383
-81000,41,0.7732642487046633
-80900,46,0.8675647668393782
-80800,58,1.0938860103626944
-80700,46,0.8675647668393782
-80600,75,1.4145077720207253
-80500,63,1.1881865284974094
-80400,58,1.0938860103626944
-80300,55,1.0373056994818652
-80200,64,1.2070466321243523
-80100,69,1.3013471502590674
-80000,55,1.0373056994818652
-79900,37,0.6978238341968912
-79800,43,0.8109844559585492
-79700,62,1.1693264248704662
-79600,59,1.1127461139896373
-79500,60,1.1316062176165804
-79400,58,1.0938860103626944
-79300,52,0.9807253886010363
-79200,56,1.0561658031088084
-79100,54,1.0184455958549223
-79000,45,0.8487046632124352
-78900,54,1.0184455958549223
-78800,46,0.8675647668393782
-78700,54,1.0184455958549223
-78600,49,0.9241450777202073
-78500,58,1.0938860103626944
-78400,61,1.1504663212435233
-78300,50,0.9430051813471503
-78200,37,0.6978238341968912
-78100,41,0.7732642487046633
-78000,69,1.3013471502590674
-77900,54,1.0184455958549223
-77800,69,1.3013471502590674
-77700,57,1.0750259067357513
-77600,50,0.9430051813471503
-77500,50,0.9430051813471503
-77400,57,1.0750259067357513
-77300,55,1.0373056994818652
-77200,56,1.0561658031088084
-77100,68,1.2824870466321243
-77000,44,0.8298445595854922
-76900,62,1.1693264248704662
-76800,41,0.7732642487046633
-76700,45,0.8487046632124352
-76600,59,1.1127461139896373
-76500,57,1.0750259067357513
-76400,52,0.9807253886010363
-76300,46,0.8675647668393782
-76200,56,1.0561658031088084
-76100,59,1.1127461139896373
-76000,60,1.1316062176165804
-75900,54,1.0184455958549223
-75800,52,0.9807253886010363
-75700,55,1.0373056994818652
-75600,53,0.9995854922279793
-75500,66,1.2447668393782383
-75400,55,1.0373056994818652
-75300,43,0.8109844559585492
-75200,48,0.9052849740932642
-75100,41,0.7732642487046633
-75000,55,1.0373056994818652
-74900,50,0.9430051813471503
-74800,39,0.7355440414507772
-74700,74,1.3956476683937824
-74600,55,1.0373056994818652
-74500,48,0.9052849740932642
-74400,51,0.9618652849740933
-74300,58,1.0938860103626944
-74200,50,0.9430051813471503
-74100,61,1.1504663212435233
-74000,46,0.8675647668393782
-73900,47,0.8864248704663212
-73800,59,1.1127461139896373
-73700,60,1.1316062176165804
-73600,60,1.1316062176165804
-73500,60,1.1316062176165804
-73400,43,0.8109844559585492
-73300,49,0.9241450777202073
-73200,61,1.1504663212435233
-73100,61,1.1504663212435233
-73000,48,0.9052849740932642
-72900,59,1.1127461139896373
-72800,50,0.9430051813471503
-72700,58,1.0938860103626944
-72600,62,1.1693264248704662
-72500,61,1.1504663212435233
-72400,51,0.9618652849740933
-72300,61,1.1504663212435233
-72200,53,0.9995854922279793
-72100,50,0.9430051813471503
-72000,47,0.8864248704663212
-71900,53,0.9995854922279793
-71800,53,0.9995854922279793
-71700,44,0.8298445595854922
-71600,56,1.0561658031088084
-71500,51,0.9618652849740933
-71400,53,0.9995854922279793
-71300,57,1.0750259067357513
-71200,54,1.0184455958549223
-71100,47,0.8864248704663212
-71000,48,0.9052849740932642
-70900,51,0.9618652849740933
-70800,63,1.1881865284974094
-70700,47,0.8864248704663212
-70600,61,1.1504663212435233
-70500,59,1.1127461139896373
-70400,56,1.0561658031088084
-70300,48,0.9052849740932642
-70200,51,0.9618652849740933
-70100,51,0.9618652849740933
-70000,56,1.0561658031088084
-69900,50,0.9430051813471503
-69800,52,0.9807253886010363
-69700,56,1.0561658031088084
-69600,55,1.0373056994818652
-69500,58,1.0938860103626944
-69400,49,0.9241450777202073
-69300,63,1.1881865284974094
-69200,45,0.8487046632124352
-69100,54,1.0184455958549223
-69000,51,0.9618652849740933
-68900,53,0.9995854922279793
-68800,44,0.8298445595854922
-68700,50,0.9430051813471503
-68600,58,1.0938860103626944
-68500,69,1.3013471502590674
-68400,61,1.1504663212435233
-68300,51,0.9618652849740933
-68200,56,1.0561658031088084
-68100,53,0.9995854922279793
-68000,70,1.3202072538860103
-67900,37,0.6978238341968912
-67800,54,1.0184455958549223
-67700,57,1.0750259067357513
-67600,48,0.9052849740932642
-67500,55,1.0373056994818652
-67400,50,0.9430051813471503
-67300,70,1.3202072538860103
-67200,65,1.2259067357512954
-67100,55,1.0373056994818652
-67000,43,0.8109844559585492
-66900,60,1.1316062176165804
-66800,53,0.9995854922279793
-66700,52,0.9807253886010363
-66600,59,1.1127461139896373
-66500,51,0.9618652849740933
-66400,60,1.1316062176165804
-66300,58,1.0938860103626944
-66200,61,1.1504663212435233
-66100,47,0.8864248704663212
-66000,58,1.0938860103626944
-65900,49,0.9241450777202073
-65800,49,0.9241450777202073
-65700,54,1.0184455958549223
-65600,51,0.9618652849740933
-65500,66,1.2447668393782383
-65400,47,0.8864248704663212
-65300,62,1.1693264248704662
-65200,59,1.1127461139896373
-65100,61,1.1504663212435233
-65000,56,1.0561658031088084
-64900,58,1.0938860103626944
-64800,58,1.0938860103626944
-64700,62,1.1693264248704662
-64600,63,1.1881865284974094
-64500,37,0.6978238341968912
-64400,72,1.3579274611398964
-64300,55,1.0373056994818652
-64200,56,1.0561658031088084
-64100,53,0.9995854922279793
-64000,55,1.0373056994818652
-63900,57,1.0750259067357513
-63800,57,1.0750259067357513
-63700,67,1.2636269430051814
-63600,64,1.2070466321243523
-63500,61,1.1504663212435233
-63400,37,0.6978238341968912
-63300,44,0.8298445595854922
-63200,47,0.8864248704663212
-63100,47,0.8864248704663212
-63000,55,1.0373056994818652
-62900,49,0.9241450777202073
-62800,51,0.9618652849740933
-62700,53,0.9995854922279793
-62600,58,1.0938860103626944
-62500,55,1.0373056994818652
-62400,43,0.8109844559585492
-62300,46,0.8675647668393782
-62200,57,1.0750259067357513
-62100,62,1.1693264248704662
-62000,45,0.8487046632124352
-61900,41,0.7732642487046633
-61800,61,1.1504663212435233
-61700,55,1.0373056994818652
-61600,61,1.1504663212435233
-61500,58,1.0938860103626944
-61400,54,1.0184455958549223
-61300,55,1.0373056994818652
-61200,67,1.2636269430051814
-61100,67,1.2636269430051814
-61000,58,1.0938860103626944
-60900,52,0.9807253886010363
-60800,58,1.0938860103626944
-60700,50,0.9430051813471503
-60600,46,0.8675647668393782
-60500,46,0.8675647668393782
-60400,63,1.1881865284974094
-60300,58,1.0938860103626944
-60200,48,0.9052849740932642
-60100,46,0.8675647668393782
-60000,47,0.8864248704663212
-59900,56,1.0561658031088084
-59800,39,0.7355440414507772
-59700,54,1.0184455958549223
-59600,57,1.0750259067357513
-59500,49,0.9241450777202073
-59400,58,1.0938860103626944
-59300,52,0.9807253886010363
-59200,52,0.9807253886010363
-59100,56,1.0561658031088084
-59000,54,1.0184455958549223
-58900,47,0.8864248704663212
-58800,64,1.2070466321243523
-58700,62,1.1693264248704662
-58600,53,0.9995854922279793
-58500,53,0.9995854922279793
-58400,36,0.6789637305699482
-58300,57,1.0750259067357513
-58200,62,1.1693264248704662
-58100,56,1.0561658031088084
-58000,69,1.3013471502590674
-57900,50,0.9430051813471503
-57800,55,1.0373056994818652
-57700,46,0.8675647668393782
-57600,44,0.8298445595854922
-57500,45,0.8487046632124352
-57400,46,0.8675647668393782
-57300,51,0.9618652849740933
-57200,53,0.9995854922279793
-57100,54,1.0184455958549223
-57000,55,1.0373056994818652
-56900,61,1.1504663212435233
-56800,57,1.0750259067357513
-56700,47,0.8864248704663212
-56600,58,1.0938860103626944
-56500,46,0.8675647668393782
-56400,58,1.0938860103626944
-56300,57,1.0750259067357513
-56200,60,1.1316062176165804
-56100,68,1.2824870466321243
-56000,50,0.9430051813471503
-55900,54,1.0184455958549223
-55800,43,0.8109844559585492
-55700,54,1.0184455958549223
-55600,57,1.0750259067357513
-55500,50,0.9430051813471503
-55400,47,0.8864248704663212
-55300,57,1.0750259067357513
-55200,61,1.1504663212435233
-55100,57,1.0750259067357513
-55000,51,0.9618652849740933
-54900,36,0.6789637305699482
-54800,55,1.0373056994818652
-54700,66,1.2447668393782383
-54600,51,0.9618652849740933
-54500,47,0.8864248704663212
-54400,60,1.1316062176165804
-54300,49,0.9241450777202073
-54200,63,1.1881865284974094
-54100,57,1.0750259067357513
-54000,54,1.0184455958549223
-53900,53,0.9995854922279793
-53800,48,0.9052849740932642
-53700,53,0.9995854922279793
-53600,58,1.0938860103626944
-53500,43,0.8109844559585492
-53400,47,0.8864248704663212
-53300,49,0.9241450777202073
-53200,61,1.1504663212435233
-53100,51,0.9618652849740933
-53000,58,1.0938860103626944
-52900,44,0.8298445595854922
-52800,57,1.0750259067357513
-52700,41,0.7732642487046633
-52600,51,0.9618652849740933
-52500,66,1.2447668393782383
-52400,50,0.9430051813471503
-52300,55,1.0373056994818652
-52200,60,1.1316062176165804
-52100,54,1.0184455958549223
-52000,49,0.9241450777202073
-51900,39,0.7355440414507772
-51800,59,1.1127461139896373
-51700,49,0.9241450777202073
-51600,72,1.3579274611398964
-51500,55,1.0373056994818652
-51400,53,0.9995854922279793
-51300,41,0.7732642487046633
-51200,46,0.8675647668393782
-51100,55,1.0373056994818652
-51000,40,0.7544041450777202
-50900,56,1.0561658031088084
-50800,55,1.0373056994818652
-50700,45,0.8487046632124352
-50600,65,1.2259067357512954
-50500,47,0.8864248704663212
-50400,63,1.1881865284974094
-50300,50,0.9430051813471503
-50200,52,0.9807253886010363
-50100,60,1.1316062176165804
-50000,53,0.9995854922279793
-49900,59,1.1127461139896373
-49800,70,1.3202072538860103
-49700,57,1.0750259067357513
-49600,48,0.9052849740932642
-49500,68,1.2824870466321243
-49400,52,0.9807253886010363
-49300,47,0.8864248704663212
-49200,56,1.0561658031088084
-49100,53,0.9995854922279793
-49000,60,1.1316062176165804
-48900,56,1.0561658031088084
-48800,45,0.8487046632124352
-48700,57,1.0750259067357513
-48600,40,0.7544041450777202
-48500,50,0.9430051813471503
-48400,43,0.8109844559585492
-48300,57,1.0750259067357513
-48200,51,0.9618652849740933
-48100,52,0.9807253886010363
-48000,46,0.8675647668393782
-47900,51,0.9618652849740933
-47800,48,0.9052849740932642
-47700,42,0.7921243523316063
-47600,50,0.9430051813471503
-47500,49,0.9241450777202073
-47400,58,1.0938860103626944
-47300,59,1.1127461139896373
-47200,72,1.3579274611398964
-47100,53,0.9995854922279793
-47000,46,0.8675647668393782
-46900,57,1.0750259067357513
-46800,54,1.0184455958549223
-46700,46,0.8675647668393782
-46600,44,0.8298445595854922
-46500,62,1.1693264248704662
-46400,53,0.9995854922279793
-46300,56,1.0561658031088084
-46200,65,1.2259067357512954
-46100,53,0.9995854922279793
-46000,59,1.1127461139896373
-45900,63,1.1881865284974094
-45800,55,1.0373056994818652
-45700,47,0.8864248704663212
-45600,53,0.9995854922279793
-45500,62,1.1693264248704662
-45400,47,0.8864248704663212
-45300,61,1.1504663212435233
-45200,57,1.0750259067357513
-45100,49,0.9241450777202073
-45000,51,0.9618652849740933
-44900,47,0.8864248704663212
-44800,47,0.8864248704663212
-44700,56,1.0561658031088084
-44600,67,1.2636269430051814
-44500,65,1.2259067357512954
-44400,53,0.9995854922279793
-44300,50,0.9430051813471503
-44200,58,1.0938860103626944
-44100,60,1.1316062176165804
-44000,65,1.2259067357512954
-43900,59,1.1127461139896373
-43800,55,1.0373056994818652
-43700,66,1.2447668393782383
-43600,59,1.1127461139896373
-43500,58,1.0938860103626944
-43400,54,1.0184455958549223
-43300,54,1.0184455958549223
-43200,50,0.9430051813471503
-43100,55,1.0373056994818652
-43000,58,1.0938860103626944
-42900,49,0.9241450777202073
-42800,55,1.0373056994818652
-42700,66,1.2447668393782383
-42600,60,1.1316062176165804
-42500,59,1.1127461139896373
-42400,65,1.2259067357512954
-42300,61,1.1504663212435233
-42200,51,0.9618652849740933
-42100,58,1.0938860103626944
-42000,51,0.9618652849740933
-41900,50,0.9430051813471503
-41800,66,1.2447668393782383
-41700,56,1.0561658031088084
-41600,60,1.1316062176165804
-41500,54,1.0184455958549223
-41400,65,1.2259067357512954
-41300,50,0.9430051813471503
-41200,54,1.0184455958549223
-41100,38,0.7166839378238342
-41000,57,1.0750259067357513
-40900,59,1.1127461139896373
-40800,56,1.0561658031088084
-40700,53,0.9995854922279793
-40600,60,1.1316062176165804
-40500,61,1.1504663212435233
-40400,49,0.9241450777202073
-40300,50,0.9430051813471503
-40200,55,1.0373056994818652
-40100,40,0.7544041450777202
-40000,52,0.9807253886010363
-39900,42,0.7921243523316063
-39800,52,0.9807253886010363
-39700,51,0.9618652849740933
-39600,62,1.1693264248704662
-39500,72,1.3579274611398964
-39400,41,0.7732642487046633
-39300,65,1.2259067357512954
-39200,54,1.0184455958549223
-39100,58,1.0938860103626944
-39000,67,1.2636269430051814
-38900,33,0.6223834196891191
-38800,50,0.9430051813471503
-38700,51,0.9618652849740933
-38600,49,0.9241450777202073
-38500,45,0.8487046632124352
-38400,50,0.9430051813471503
-38300,56,1.0561658031088084
-38200,54,1.0184455958549223
-38100,67,1.2636269430051814
-38000,49,0.9241450777202073
-37900,40,0.7544041450777202
-37800,47,0.8864248704663212
-37700,56,1.0561658031088084
-37600,50,0.9430051813471503
-37500,55,1.0373056994818652
-37400,51,0.9618652849740933
-37300,66,1.2447668393782383
-37200,59,1.1127461139896373
-37100,43,0.8109844559585492
-37000,49,0.9241450777202073
-36900,45,0.8487046632124352
-36800,57,1.0750259067357513
-36700,78,1.4710880829015545
-36600,42,0.7921243523316063
-36500,42,0.7921243523316063
-36400,47,0.8864248704663212
-36300,51,0.9618652849740933
-36200,50,0.9430051813471503
-36100,62,1.1693264248704662
-36000,59,1.1127461139896373
-35900,58,1.0938860103626944
-35800,53,0.9995854922279793
-35700,56,1.0561658031088084
-35600,51,0.9618652849740933
-35500,48,0.9052849740932642
-35400,59,1.1127461139896373
-35300,47,0.8864248704663212
-35200,47,0.8864248704663212
-35100,48,0.9052849740932642
-35000,63,1.1881865284974094
-34900,60,1.1316062176165804
-34800,55,1.0373056994818652
-34700,54,1.0184455958549223
-34600,58,1.0938860103626944
-34500,61,1.1504663212435233
-34400,53,0.9995854922279793
-34300,52,0.9807253886010363
-34200,58,1.0938860103626944
-34100,45,0.8487046632124352
-34000,47,0.8864248704663212
-33900,57,1.0750259067357513
-33800,38,0.7166839378238342
-33700,47,0.8864248704663212
-33600,62,1.1693264248704662
-33500,56,1.0561658031088084
-33400,47,0.8864248704663212
-33300,60,1.1316062176165804
-33200,49,0.9241450777202073
-33100,38,0.7166839378238342
-33000,38,0.7166839378238342
-32900,44,0.8298445595854922
-32800,47,0.8864248704663212
-32700,64,1.2070466321243523
-32600,64,1.2070466321243523
-32500,42,0.7921243523316063
-32400,67,1.2636269430051814
-32300,57,1.0750259067357513
-32200,42,0.7921243523316063
-32100,53,0.9995854922279793
-32000,58,1.0938860103626944
-31900,40,0.7544041450777202
-31800,56,1.0561658031088084
-31700,52,0.9807253886010363
-31600,39,0.7355440414507772
-31500,49,0.9241450777202073
-31400,60,1.1316062176165804
-31300,48,0.9052849740932642
-31200,57,1.0750259067357513
-31100,63,1.1881865284974094
-31000,63,1.1881865284974094
-30900,43,0.8109844559585492
-30800,46,0.8675647668393782
-30700,48,0.9052849740932642
-30600,53,0.9995854922279793
-30500,35,0.6601036269430052
-30400,54,1.0184455958549223
-30300,59,1.1127461139896373
-30200,52,0.9807253886010363
-30100,55,1.0373056994818652
-30000,47,0.8864248704663212
-29900,59,1.1127461139896373
-29800,47,0.8864248704663212
-29700,53,0.9995854922279793
-29600,63,1.1881865284974094
-29500,61,1.1504663212435233
-29400,55,1.0373056994818652
-29300,50,0.9430051813471503
-29200,51,0.9618652849740933
-29100,60,1.1316062176165804
-29000,47,0.8864248704663212
-28900,43,0.8109844559585492
-28800,48,0.9052849740932642
-28700,51,0.9618652849740933
-28600,52,0.9807253886010363
-28500,48,0.9052849740932642
-28400,48,0.9052849740932642
-28300,56,1.0561658031088084
-28200,57,1.0750259067357513
-28100,56,1.0561658031088084
-28000,68,1.2824870466321243
-27900,42,0.7921243523316063
-27800,55,1.0373056994818652
-27700,55,1.0373056994818652
-27600,51,0.9618652849740933
-27500,61,1.1504663212435233
-27400,51,0.9618652849740933
-27300,37,0.6978238341968912
-27200,52,0.9807253886010363
-27100,43,0.8109844559585492
-27000,56,1.0561658031088084
-26900,67,1.2636269430051814
-26800,52,0.9807253886010363
-26700,63,1.1881865284974094
-26600,51,0.9618652849740933
-26500,58,1.0938860103626944
-26400,58,1.0938860103626944
-26300,62,1.1693264248704662
-26200,40,0.7544041450777202
-26100,52,0.9807253886010363
-26000,48,0.9052849740932642
-25900,62,1.1693264248704662
-25800,59,1.1127461139896373
-25700,53,0.9995854922279793
-25600,47,0.8864248704663212
-25500,60,1.1316062176165804
-25400,62,1.1693264248704662
-25300,48,0.9052849740932642
-25200,65,1.2259067357512954
-25100,52,0.9807253886010363
-25000,47,0.8864248704663212
-24900,45,0.8487046632124352
-24800,53,0.9995854922279793
-24700,57,1.0750259067357513
-24600,62,1.1693264248704662
-24500,59,1.1127461139896373
-24400,39,0.7355440414507772
-24300,46,0.8675647668393782
-24200,51,0.9618652849740933
-24100,57,1.0750259067357513
-24000,53,0.9995854922279793
-23900,38,0.7166839378238342
-23800,53,0.9995854922279793
-23700,57,1.0750259067357513
-23600,55,1.0373056994818652
-23500,41,0.7732642487046633
-23400,48,0.9052849740932642
-23300,59,1.1127461139896373
-23200,41,0.7732642487046633
-23100,53,0.9995854922279793
-23000,46,0.8675647668393782
-22900,56,1.0561658031088084
-22800,48,0.9052849740932642
-22700,36,0.6789637305699482
-22600,51,0.9618652849740933
-22500,47,0.8864248704663212
-22400,46,0.8675647668393782
-22300,40,0.7544041450777202
-22200,52,0.9807253886010363
-22100,50,0.9430051813471503
-22000,47,0.8864248704663212
-21900,52,0.9807253886010363
-21800,57,1.0750259067357513
-21700,48,0.9052849740932642
-21600,65,1.2259067357512954
-21500,55,1.0373056994818652
-21400,44,0.8298445595854922
-21300,58,1.0938860103626944
-21200,64,1.2070466321243523
-21100,57,1.0750259067357513
-21000,61,1.1504663212435233
-20900,63,1.1881865284974094
-20800,43,0.8109844559585492
-20700,64,1.2070466321243523
-20600,49,0.9241450777202073
-20500,58,1.0938860103626944
-20400,50,0.9430051813471503
-20300,57,1.0750259067357513
-20200,65,1.2259067357512954
-20100,51,0.9618652849740933
-20000,57,1.0750259067357513
-19900,57,1.0750259067357513
-19800,42,0.7921243523316063
-19700,53,0.9995854922279793
-19600,52,0.9807253886010363
-19500,50,0.9430051813471503
-19400,61,1.1504663212435233
-19300,66,1.2447668393782383
-19200,54,1.0184455958549223
-19100,50,0.9430051813471503
-19000,53,0.9995854922279793
-18900,55,1.0373056994818652
-18800,58,1.0938860103626944
-18700,56,1.0561658031088084
-18600,57,1.0750259067357513
-18500,45,0.8487046632124352
-18400,47,0.8864248704663212
-18300,48,0.9052849740932642
-18200,46,0.8675647668393782
-18100,50,0.9430051813471503
-18000,65,1.2259067357512954
-17900,49,0.9241450777202073
-17800,52,0.9807253886010363
-17700,58,1.0938860103626944
-17600,54,1.0184455958549223
-17500,53,0.9995854922279793
-17400,49,0.9241450777202073
-17300,53,0.9995854922279793
-17200,37,0.6978238341968912
-17100,49,0.9241450777202073
-17000,50,0.9430051813471503
-16900,44,0.8298445595854922
-16800,49,0.9241450777202073
-16700,56,1.0561658031088084
-16600,56,1.0561658031088084
-16500,57,1.0750259067357513
-16400,52,0.9807253886010363
-16300,50,0.9430051813471503
-16200,55,1.0373056994818652
-16100,42,0.7921243523316063
-16000,50,0.9430051813471503
-15900,49,0.9241450777202073
-15800,57,1.0750259067357513
-15700,58,1.0938860103626944
-15600,57,1.0750259067357513
-15500,56,1.0561658031088084
-15400,54,1.0184455958549223
-15300,53,0.9995854922279793
-15200,47,0.8864248704663212
-15100,50,0.9430051813471503
-15000,54,1.0184455958549223
-14900,49,0.9241450777202073
-14800,57,1.0750259067357513
-14700,55,1.0373056994818652
-14600,50,0.9430051813471503
-14500,65,1.2259067357512954
-14400,38,0.7166839378238342
-14300,65,1.2259067357512954
-14200,50,0.9430051813471503
-14100,44,0.8298445595854922
-14000,71,1.3390673575129535
-13900,42,0.7921243523316063
-13800,57,1.0750259067357513
-13700,51,0.9618652849740933
-13600,52,0.9807253886010363
-13500,50,0.9430051813471503
-13400,44,0.8298445595854922
-13300,52,0.9807253886010363
-13200,45,0.8487046632124352
-13100,55,1.0373056994818652
-13000,45,0.8487046632124352
-12900,56,1.0561658031088084
-12800,54,1.0184455958549223
-12700,50,0.9430051813471503
-12600,46,0.8675647668393782
-12500,62,1.1693264248704662
-12400,49,0.9241450777202073
-12300,52,0.9807253886010363
-12200,55,1.0373056994818652
-12100,47,0.8864248704663212
-12000,60,1.1316062176165804
-11900,50,0.9430051813471503
-11800,74,1.3956476683937824
-11700,48,0.9052849740932642
-11600,52,0.9807253886010363
-11500,62,1.1693264248704662
-11400,46,0.8675647668393782
-11300,44,0.8298445595854922
-11200,60,1.1316062176165804
-11100,57,1.0750259067357513
-11000,52,0.9807253886010363
-10900,50,0.9430051813471503
-10800,53,0.9995854922279793
-10700,49,0.9241450777202073
-10600,56,1.0561658031088084
-10500,49,0.9241450777202073
-10400,56,1.0561658031088084
-10300,50,0.9430051813471503
-10200,52,0.9807253886010363
-10100,53,0.9995854922279793
-10000,50,0.9430051813471503
-9900,61,1.1504663212435233
-9800,54,1.0184455958549223
-9700,41,0.7732642487046633
-9600,63,1.1881865284974094
-9500,41,0.7732642487046633
-9400,56,1.0561658031088084
-9300,52,0.9807253886010363
-9200,43,0.8109844559585492
-9100,58,1.0938860103626944
-9000,51,0.9618652849740933
-8900,59,1.1127461139896373
-8800,45,0.8487046632124352
-8700,51,0.9618652849740933
-8600,50,0.9430051813471503
-8500,53,0.9995854922279793
-8400,37,0.6978238341968912
-8300,51,0.9618652849740933
-8200,40,0.7544041450777202
-8100,52,0.9807253886010363
-8000,46,0.8675647668393782
-7900,54,1.0184455958549223
-7800,43,0.8109844559585492
-7700,48,0.9052849740932642
-7600,56,1.0561658031088084
-7500,57,1.0750259067357513
-7400,41,0.7732642487046633
-7300,42,0.7921243523316063
-7200,53,0.9995854922279793
-7100,43,0.8109844559585492
-7000,47,0.8864248704663212
-6900,59,1.1127461139896373
-6800,61,1.1504663212435233
-6700,48,0.9052849740932642
-6600,43,0.8109844559585492
-6500,62,1.1693264248704662
-6400,51,0.9618652849740933
-6300,48,0.9052849740932642
-6200,53,0.9995854922279793
-6100,64,1.2070466321243523
-6000,55,1.0373056994818652
-5900,38,0.7166839378238342
-5800,38,0.7166839378238342
-5700,50,0.9430051813471503
-5600,48,0.9052849740932642
-5500,50,0.9430051813471503
-5400,54,1.0184455958549223
-5300,48,0.9052849740932642
-5200,38,0.7166839378238342
-5100,52,0.9807253886010363
-5000,45,0.8487046632124352
-4900,37,0.6978238341968912
-4800,39,0.7355440414507772
-4700,51,0.9618652849740933
-4600,42,0.7921243523316063
-4500,51,0.9618652849740933
-4400,59,1.1127461139896373
-4300,48,0.9052849740932642
-4200,42,0.7921243523316063
-4100,53,0.9995854922279793
-4000,56,1.0561658031088084
-3900,55,1.0373056994818652
-3800,52,0.9807253886010363
-3700,63,1.1881865284974094
-3600,52,0.9807253886010363
-3500,57,1.0750259067357513
-3400,50,0.9430051813471503
-3300,52,0.9807253886010363
-3200,46,0.8675647668393782
-3100,47,0.8864248704663212
-3000,53,0.9995854922279793
-2900,46,0.8675647668393782
-2800,57,1.0750259067357513
-2700,35,0.6601036269430052
-2600,38,0.7166839378238342
-2500,36,0.6789637305699482
-2400,38,0.7166839378238342
-2300,43,0.8109844559585492
-2200,37,0.6978238341968912
-2100,56,1.0561658031088084
-2000,59,1.1127461139896373
-1900,52,0.9807253886010363
-1800,44,0.8298445595854922
-1700,44,0.8298445595854922
-1600,39,0.7355440414507772
-1500,56,1.0561658031088084
-1400,35,0.6601036269430052
-1300,46,0.8675647668393782
-1200,35,0.6601036269430052
-1100,43,0.8109844559585492
-1000,37,0.6978238341968912
-900,54,1.0184455958549223
-800,53,0.9995854922279793
-700,44,0.8298445595854922
-600,37,0.6978238341968912
-500,36,0.6789637305699482
-400,33,0.6223834196891191
-300,53,0.9995854922279793
-200,46,0.8675647668393782
-100,39,0.7355440414507772
0,46,0.8675647668393782
100,44,0.8298445595854922
200,50,0.9430051813471503
300,43,0.8109844559585492
400,37,0.6978238341968912
500,54,1.0184455958549223
600,43,0.8109844559585492
700,44,0.8298445595854922
800,41,0.7732642487046633
900,36,0.6789637305699482
1000,45,0.8487046632124352
1100,30,0.5658031088082902
1200,47,0.8864248704663212
1300,42,0.7921243523316063
1400,44,0.8298445595854922
1500,44,0.8298445595854922
1600,51,0.9618652849740933
1700,45,0.8487046632124352
1800,50,0.9430051813471503
1900,40,0.7544041450777202
2000,42,0.7921243523316063
2100,42,0.7921243523316063
2200,40,0.7544041450777202
2300,41,0.7732642487046633
2400,36,0.6789637305699482
2500,38,0.7166839378238342
2600,33,0.6223834196891191
2700,22,0.4149222797927461
2800,43,0.8109844559585492
2900,46,0.8675647668393782
3000,40,0.7544041450777202
3100,27,0.5092227979274612
3200,43,0.8109844559585492
3300,35,0.6601036269430052
3400,50,0.9430051813471503
3500,37,0.6978238341968912
3600,34,0.6412435233160622
3700,46,0.8675647668393782
3800,40,0.7544041450777202
3900,45,0.8487046632124352
4000,42,0.7921243523316063
4100,34,0.6412435233160622
4200,30,0.5658031088082902
4300,36,0.6789637305699482
4400,30,0.5658031088082902
4500,51,0.9618652849740933
4600,33,0.6223834196891191
4700,36,0.6789637305699482
4800,44,0.8298445595854922
4900,38,0.7166839378238342
5000,28,0.5280829015544042
5100,36,0.6789637305699482
5200,37,0.6978238341968912
5300,39,0.7355440414507772
5400,35,0.6601036269430052
5500,29,0.5469430051813472
5600,37,0.6978238341968912
5700,32,0.6035233160621761
5800,39,0.7355440414507772
5900,44,0.8298445595854922
6000,45,0.8487046632124352
6100,38,0.7166839378238342
6200,36,0.6789637305699482
6300,26,0.49036269430051815
6400,30,0.5658031088082902
6500,28,0.5280829015544042
6600,27,0.5092227979274612
6700,29,0.5469430051813472
6800,37,0.6978238341968912
6900,30,0.5658031088082902
7000,36,0.6789637305699482
7100,44,0.8298445595854922
7200,28,0.5280829015544042
7300,27,0.5092227979274612
7400,33,0.6223834196891191
7500,29,0.5469430051813472
7600,38,0.7166839378238342
7700,26,0.49036269430051815
7800,30,0.5658031088082902
7900,32,0.6035233160621761
8000,36,0.6789637305699482
8100,26,0.49036269430051815
8200,37,0.6978238341968912
8300,55,1.0373056994818652
8400,34,0.6412435233160622
8500,32,0.6035233160621761
8600,45,0.8487046632124352
8700,40,0.7544041450777202
8800,26,0.49036269430051815
8900,37,0.6978238341968912
9000,43,0.8109844559585492
9100,41,0.7732642487046633
9200,37,0.6978238341968912
9300,35,0.6601036269430052
9400,39,0.7355440414507772
9500,34,0.6412435233160622
9600,31,0.5846632124352331
9700,50,0.9430051813471503
9800,36,0.6789637305699482
9900,32,0.6035233160621761
10000,34,0.6412435233160622
10100,31,0.5846632124352331
10200,41,0.7732642487046633
10300,27,0.5092227979274612
10400,52,0.9807253886010363
10500,33,0.6223834196891191
10600,33,0.6223834196891191
10700,30,0.5658031088082902
10800,42,0.7921243523316063
10900,52,0.9807253886010363
11000,45,0.8487046632124352
11100,31,0.5846632124352331
11200,52,0.9807253886010363
11300,35,0.6601036269430052
11400,47,0.8864248704663212
11500,36,0.6789637305699482
11600,27,0.5092227979274612
11700,35,0.6601036269430052
11800,32,0.6035233160621761
11900,49,0.9241450777202073
12000,38,0.7166839378238342
12100,46,0.8675647668393782
12200,39,0.7355440414507772
12300,41,0.7732642487046633
12400,34,0.6412435233160622
12500,46,0.8675647668393782
12600,37,0.6978238341968912
12700,40,0.7544041450777202
12800,46,0.8675647668393782
12900,43,0.8109844559585492
13000,56,1.0561658031088084
13100,40,0.7544041450777202
13200,58,1.0938860103626944
13300,48,0.9052849740932642
13400,46,0.8675647668393782
13500,44,0.8298445595854922
13600,43,0.8109844559585492
13700,36,0.6789637305699482
13800,35,0.6601036269430052
13900,31,0.5846632124352331
14000,37,0.6978238341968912
14100,30,0.5658031088082902
14200,51,0.9618652849740933
14300,40,0.7544041450777202
14400,43,0.8109844559585492
14500,48,0.9052849740932642
14600,52,0.9807253886010363
14700,28,0.5280829015544042
14800,36,0.6789637305699482
14900,39,0.7355440414507772
15000,35,0.6601036269430052
15100,36,0.6789637305699482
15200,48,0.9052849740932642
15300,53,0.9995854922279793
15400,48,0.9052849740932642
15500,52,0.9807253886010363
15600,51,0.9618652849740933
15700,48,0.9052849740932642
15800,40,0.7544041450777202
15900,49,0.9241450777202073
16000,52,0.9807253886010363
16100,52,0.9807253886010363
16200,55,1.0373056994818652
16300,39,0.7355440414507772
16400,36,0.6789637305699482
16500,43,0.8109844559585492
16600,37,0.6978238341968912
16700,45,0.8487046632124352
16800,49,0.9241450777202073
16900,42,0.7921243523316063
17000,48,0.9052849740932642
17100,47,0.8864248704663212
17200,38,0.7166839378238342
17300,62,1.1693264248704662
17400,43,0.8109844559585492
17500,34,0.6412435233160622
17600,47,0.8864248704663212
17700,42,0.7921243523316063
17800,46,0.8675647668393782
17900,43,0.8109844559585492
18000,48,0.9052849740932642
18100,57,1.0750259067357513
18200,50,0.9430051813471503
18300,43,0.8109844559585492
18400,52,0.9807253886010363
18500,55,1.0373056994818652
18600,42,0.7921243523316063
18700,37,0.6978238341968912
18800,46,0.8675647668393782
18900,42,0.7921243523316063
19000,50,0.9430051813471503
19100,56,1.0561658031088084
19200,54,1.0184455958549223
19300,46,0.8675647668393782
19400,47,0.8864248704663212
19500,50,0.9430051813471503
19600,39,0.7355440414507772
19700,42,0.7921243523316063
19800,43,0.8109844559585492
19900,36,0.6789637305699482
20000,46,0.8675647668393782
20100,47,0.8864248704663212
20200,54,1.0184455958549223
20300,51,0.9618652849740933
20400,56,1.0561658031088084
20500,58,1.0938860103626944
20600,43,0.8109844559585492
20700,56,1.0561658031088084
20800,54,1.0184455958549223
20900,43,0.8109844559585492
21000,50,0.9430051813471503
21100,52,0.9807253886010363
21200,55,1.0373056994818652
21300,32,0.6035233160621761
21400,42,0.7921243523316063
21500,46,0.8675647668393782
21600,48,0.9052849740932642
21700,43,0.8109844559585492
21800,50,0.9430051813471503
21900,40,0.7544041450777202
22000,50,0.9430051813471503
22100,50,0.9430051813471503
22200,54,1.0184455958549223
22300,51,0.9618652849740933
22400,50,0.9430051813471503
22500,42,0.7921243523316063
22600,50,0.9430051813471503
22700,45,0.8487046632124352
22800,47,0.8864248704663212
22900,44,0.8298445595854922
23000,46,0.8675647668393782
23100,51,0.9618652849740933
23200,44,0.8298445595854922
23300,52,0.9807253886010363
23400,49,0.9241450777202073
23500,38,0.7166839378238342
23600,39,0.7355440414507772
23700,50,0.9430051813471503
23800,37,0.6978238341968912
23900,53,0.9995854922279793
24000,55,1.0373056994818652
24100,46,0.8675647668393782
24200,51,0.9618652849740933
24300,42,0.7921243523316063
24400,46,0.8675647668393782
24500,54,1.0184455958549223
24600,58,1.0938860103626944
24700,47,0.8864248704663212
24800,45,0.8487046632124352
24900,57,1.0750259067357513
25000,58,1.0938860103626944
25100,60,1.1316062176165804
25200,55,1.0373056994818652
25300,45,0.8487046632124352
25400,47,0.8864248704663212
25500,40,0.7544041450777202
25600,54,1.0184455958549223
25700,59,1.1127461139896373
25800,45,0.8487046632124352
25900,51,0.9618652849740933
26000,49,0.9241450777202073
26100,52,0.9807253886010363
26200,36,0.6789637305699482
26300,47,0.8864248704663212
26400,45,0.8487046632124352
26500,67,1.2636269430051814
26600,44,0.8298445595854922
26700,44,0.8298445595854922
26800,37,0.6978238341968912
26900,47,0.8864248704663212
27000,50,0.9430051813471503
27100,45,0.8487046632124352
27200,48,0.9052849740932642
27300,42,0.7921243523316063
27400,33,0.6223834196891191
27500,46,0.8675647668393782
27600,50,0.9430051813471503
27700,35,0.6601036269430052
27800,41,0.7732642487046633
27900,44,0.8298445595854922
28000,42,0.7921243523316063
28100,53,0.9995854922279793
28200,36,0.6789637305699482
28300,42,0.7921243523316063
28400,58,1.0938860103626944
28500,55,1.0373056994818652
28600,55,1.0373056994818652
28700,53,0.9995854922279793
28800,42,0.7921243523316063
28900,49,0.9241450777202073
29000,42,0.7921243523316063
29100,69,1.3013471502590674
29200,38,0.7166839378238342
29300,63,1.1881865284974094
29400,56,1.0561658031088084
29500,57,1.0750259067357513
29600,54,1.0184455958549223
29700,48,0.9052849740932642
29800,53,0.9995854922279793
29900,39,0.7355440414507772
30000,36,0.6789637305699482
30100,46,0.8675647668393782
30200,45,0.8487046632124352
30300,46,0.8675647668393782
30400,36,0.6789637305699482
30500,47,0.8864248704663212
30600,41,0.7732642487046633
30700,34,0.6412435233160622
30800,52,0.9807253886010363
30900,54,1.0184455958549223
31000,49,0.9241450777202073
31100,59,1.1127461139896373
31200,55,1.0373056994818652
31300,55,1.0373056994818652
31400,58,1.0938860103626944
31500,59,1.1127461139896373
31600,49,0.9241450777202073
31700,45,0.8487046632124352
31800,72,1.3579274611398964
31900,48,0.9052849740932642
32000,49,0.9241450777202073
32100,44,0.8298445595854922
32200,51,0.9618652849740933
32300,59,1.1127461139896373
32400,58,1.0938860103626944
32500,50,0.9430051813471503
32600,51,0.9618652849740933
32700,54,1.0184455958549223
32800,47,0.8864248704663212
32900,51,0.9618652849740933
33000,45,0.8487046632124352
33100,56,1.0561658031088084
33200,57,1.0750259067357513
33300,60,1.1316062176165804
33400,39,0.7355440414507772
33500,66,1.2447668393782383
33600,51,0.9618652849740933
33700,52,0.9807253886010363
33800,54,1.0184455958549223
33900,56,1.0561658031088084
34000,67,1.2636269430051814
34100,42,0.7921243523316063
34200,46,0.8675647668393782
34300,62,1.1693264248704662
34400,61,1.1504663212435233
34500,49,0.9241450777202073
34600,49,0.9241450777202073
34700,52,0.9807253886010363
34800,67,1.2636269430051814
34900,28,0.5280829015544042
35000,58,1.0938860103626944
35100,41,0.7732642487046633
35200,48,0.9052849740932642
35300,44,0.8298445595854922
35400,52,0.9807253886010363
35500,53,0.9995854922279793
35600,53,0.9995854922279793
35700,49,0.9241450777202073
35800,52,0.9807253886010363
35900,45,0.8487046632124352
36000,57,1.0750259067357513
36100,41,0.7732642487046633
36200,52,0.9807253886010363
36300,55,1.0373056994818652
36400,53,0.9995854922279793
36500,45,0.8487046632124352
36600,54,1.0184455958549223
36700,38,0.7166839378238342
36800,44,0.8298445595854922
36900,52,0.9807253886010363
37000,49,0.9241450777202073
37100,47,0.8864248704663212
37200,45,0.8487046632124352
37300,42,0.7921243523316063
37400,52,0.9807253886010363
37500,63,1.1881865284974094
37600,45,0.8487046632124352
37700,55,1.0373056994818652
37800,57,1.0750259067357513
37900,46,0.8675647668393782
38000,36,0.6789637305699482
38100,56,1.0561658031088084
38200,58,1.0938860103626944
38300,53,0.9995854922279793
38400,55,1.0373056994818652
38500,40,0.7544041450777202
38600,44,0.8298445595854922
38700,57,1.0750259067357513
38800,50,0.9430051813471503
38900,51,0.9618652849740933
39000,57,1.0750259067357513
39100,56,1.0561658031088084
39200,52,0.9807253886010363
39300,54,1.0184455958549223
39400,47,0.8864248704663212
39500,45,0.8487046632124352
39600,64,1.2070466321243523
39700,54,1.0184455958549223
39800,61,1.1504663212435233
39900,58,1.0938860103626944
40000,55,1.0373056994818652
40100,55,1.0373056994818652
40200,61,1.1504663212435233
40300,46,0.8675647668393782
40400,54,1.0184455958549223
40500,51,0.9618652849740933
40600,58,1.0938860103626944
40700,52,0.9807253886010363
40800,51,0.9618652849740933
40900,52,0.9807253886010363
41000,53,0.9995854922279793
41100,68,1.2824870466321243
41200,53,0.9995854922279793
41300,61,1.1504663212435233
41400,53,0.9995854922279793
41500,57,1.0750259067357513
41600,56,1.0561658031088084
41700,69,1.3013471502590674
41800,60,1.1316062176165804
41900,50,0.9430051813471503
42000,36,0.6789637305699482
42100,46,0.8675647668393782
42200,46,0.8675647668393782
42300,70,1.3202072538860103
42400,61,1.1504663212435233
42500,42,0.7921243523316063
42600,49,0.9241450777202073
42700,51,0.9618652849740933
42800,45,0.8487046632124352
42900,51,0.9618652849740933
43000,60,1.1316062176165804
43100,59,1.1127461139896373
43200,54,1.0184455958549223
43300,51,0.9618652849740933
43400,53,0.9995854922279793
43500,62,1.1693264248704662
43600,51,0.9618652849740933
43700,45,0.8487046632124352
43800,65,1.2259067357512954
43900,54,1.0184455958549223
44000,62,1.1693264248704662
44100,53,0.9995854922279793
44200,55,1.0373056994818652
44300,44,0.8298445595854922
44400,52,0.9807253886010363
44500,58,1.0938860103626944
44600,51,0.9618652849740933
44700,47,0.8864248704663212
44800,54,1.0184455958549223
44900,46,0.8675647668393782
45000,69,1.3013471502590674
45100,56,1.0561658031088084
45200,50,0.9430051813471503
45300,59,1.1127461139896373
45400,37,0.6978238341968912
45500,55,1.0373056994818652
45600,56,1.0561658031088084
45700,44,0.8298445595854922
45800,44,0.8298445595854922
45900,47,0.8864248704663212
46000,53,0.9995854922279793
46100,53,0.9995854922279793
46200,49,0.9241450777202073
46300,44,0.8298445595854922
46400,46,0.8675647668393782
46500,63,1.1881865284974094
46600,41,0.7732642487046633
46700,55,1.0373056994818652
46800,37,0.6978238341968912
46900,40,0.7544041450777202
47000,56,1.0561658031088084
47100,56,1.0561658031088084
47200,46,0.8675647668393782
47300,47,0.8864248704663212
47400,65,1.2259067357512954
47500,51,0.9618652849740933
47600,38,0.7166839378238342
47700,49,0.9241450777202073
47800,58,1.0938860103626944
47900,51,0.9618652849740933
48000,49,0.9241450777202073
48100,57,1.0750259067357513
48200,61,1.1504663212435233
48300,60,1.1316062176165804
48400,51,0.9618652849740933
48500,59,1.1127461139896373
48600,56,1.0561658031088084
48700,39,0.7355440414507772
48800,60,1.1316062176165804
48900,42,0.7921243523316063
49000,65,1.2259067357512954
49100,53,0.9995854922279793
49200,53,0.9995854922279793
49300,49,0.9241450777202073
49400,53,0.9995854922279793
49500,56,1.0561658031088084
49600,54,1.0184455958549223
49700,65,1.2259067357512954
49800,47,0.8864248704663212
49900,57,1.0750259067357513
50000,56,1.0561658031088084
50100,60,1.1316062176165804
50200,37,0.6978238341968912
50300,57,1.0750259067357513
50400,53,0.9995854922279793
50500,56,1.0561658031088084
50600,58,1.0938860103626944
50700,58,1.0938860103626944
50800,46,0.8675647668393782
50900,61,1.1504663212435233
51000,35,0.6601036269430052
51100,48,0.9052849740932642
51200,65,1.2259067357512954
51300,50,0.9430051813471503
51400,53,0.9995854922279793
51500,57,1.0750259067357513
51600,53,0.9995854922279793
51700,52,0.9807253886010363
51800,57,1.0750259067357513
51900,55,1.0373056994818652
52000,48,0.9052849740932642
52100,51,0.9618652849740933
52200,51,0.9618652849740933
52300,46,0.8675647668393782
52400,52,0.9807253886010363
52500,34,0.6412435233160622
52600,49,0.9241450777202073
52700,52,0.9807253886010363
52800,62,1.1693264248704662
52900,64,1.2070466321243523
53000,44,0.8298445595854922
53100,50,0.9430051813471503
53200,40,0.7544041450777202
53300,47,0.8864248704663212
53400,51,0.9618652849740933
53500,48,0.9052849740932642
53600,59,1.1127461139896373
53700,70,1.3202072538860103
53800,54,1.0184455958549223
53900,59,1.1127461139896373
54000,50,0.9430051813471503
54100,37,0.6978238341968912
54200,46,0.8675647668393782
54300,48,0.9052849740932642
54400,62,1.1693264248704662
54500,45,0.8487046632124352
54600,55,1.0373056994818652
54700,57,1.0750259067357513
54800,63,1.1881865284974094
54900,51,0.9618652849740933
55000,40,0.7544041450777202
55100,44,0.8298445595854922
55200,57,1.0750259067357513
55300,47,0.8864248704663212
55400,56,1.0561658031088084
55500,58,1.0938860103626944
55600,62,1.1693264248704662
55700,60,1.1316062176165804
55800,44,0.8298445595854922
55900,50,0.9430051813471503
56000,60,1.1316062176165804
56100,72,1.3579274611398964
56200,59,1.1127461139896373
56300,67,1.2636269430051814
56400,40,0.7544041450777202
56500,57,1.0750259067357513
56600,42,0.7921243523316063
56700,61,1.1504663212435233
56800,47,0.8864248704663212
56900,49,0.9241450777202073
57000,47,0.8864248704663212
57100,48,0.9052849740932642
57200,41,0.7732642487046633
57300,48,0.9052849740932642
57400,31,0.5846632124352331
57500,68,1.2824870466321243
57600,59,1.1127461139896373
57700,49,0.9241450777202073
57800,59,1.1127461139896373
57900,52,0.9807253886010363
58000,57,1.0750259067357513
58100,65,1.2259067357512954
58200,48,0.9052849740932642
58300,52,0.9807253886010363
58400,57,1.0750259067357513
58500,46,0.8675647668393782
58600,55,1.0373056994818652
58700,51,0.9618652849740933
58800,43,0.8109844559585492
58900,61,1.1504663212435233
59000,38,0.7166839378238342
59100,47,0.8864248704663212
59200,51,0.9618652849740933
59300,54,1.0184455958549223
59400,59,1.1127461139896373
59500,55,1.0373056994818652
59600,50,0.9430051813471503
59700,54,1.0184455958549223
59800,41,0.7732642487046633
59900,75,1.4145077720207253
60000,61,1.1504663212435233
60100,42,0.7921243523316063
60200,51,0.9618652849740933
60300,43,0.8109844559585492
60400,54,1.0184455958549223
60500,59,1.1127461139896373
60600,49,0.9241450777202073
60700,41,0.7732642487046633
60800,56,1.0561658031088084
60900,56,1.0561658031088084
61000,50,0.9430051813471503
61100,59,1.1127461139896373
61200,48,0.9052849740932642
61300,46,0.8675647668393782
61400,55,1.0373056994818652
61500,63,1.1881865284974094
61600,54,1.0184455958549223
61700,53,0.9995854922279793
61800,57,1.0750259067357513
61900,59,1.1127461139896373
62000,57,1.0750259067357513
62100,62,1.1693264248704662
62200,68,1.2824870466321243
62300,53,0.9995854922279793
62400,53,0.9995854922279793
62500,53,0.9995854922279793
62600,45,0.8487046632124352
62700,52,0.9807253886010363
62800,61,1.1504663212435233
62900,49,0.9241450777202073
63000,45,0.8487046632124352
63100,49,0.9241450777202073
63200,59,1.1127461139896373
63300,45,0.8487046632124352
63400,62,1.1693264248704662
63500,63,1.1881865284974094
63600,51,0.9618652849740933
63700,59,1.1127461139896373
63800,63,1.1881865284974094
63900,56,1.0561658031088084
64000,41,0.7732642487046633
64100,54,1.0184455958549223
64200,51,0.9618652849740933
64300,52,0.9807253886010363
64400,43,0.8109844559585492
64500,48,0.9052849740932642
64600,55,1.0373056994818652
64700,48,0.9052849740932642
64800,46,0.8675647668393782
64900,64,1.2070466321243523
65000,60,1.1316062176165804
65100,43,0.8109844559585492
65200,54,1.0184455958549223
65300,43,0.8109844559585492
65400,46,0.8675647668393782
65500,48,0.9052849740932642
65600,43,0.8109844559585492
65700,46,0.8675647668393782
65800,51,0.9618652849740933
65900,55,1.0373056994818652
66000,63,1.1881865284974094
66100,51,0.9618652849740933
66200,50,0.9430051813471503
66300,67,1.2636269430051814
66400,47,0.8864248704663212
66500,54,1.0184455958549223
66600,50,0.9430051813471503
66700,42,0.7921243523316063
66800,56,1.0561658031088084
66900,47,0.8864248704663212
67000,53,0.9995854922279793
67100,46,0.8675647668393782
67200,39,0.7355440414507772
67300,59,1.1127461139896373
67400,49,0.9241450777202073
67500,49,0.9241450777202073
67600,57,1.0750259067357513
67700,49,0.9241450777202073
67800,46,0.8675647668393782
67900,62,1.1693264248704662
68000,53,0.9995854922279793
68100,44,0.8298445595854922
68200,55,1.0373056994818652
68300,61,1.1504663212435233
68400,59,1.1127461139896373
68500,46,0.8675647668393782
68600,54,1.0184455958549223
68700,48,0.9052849740932642
68800,48,0.9052849740932642
68900,52,0.9807253886010363
69000,48,0.9052849740932642
69100,59,1.1127461139896373
69200,60,1.1316062176165804
69300,58,1.0938860103626944
69400,58,1.0938860103626944
69500,58,1.0938860103626944
69600,62,1.1693264248704662
69700,53,0.9995854922279793
69800,56,1.0561658031088084
69900,59,1.1127461139896373
70000,73,1.3767875647668393
70100,55,1.0373056994818652
70200,56,1.0561658031088084
70300,55,1.0373056994818652
70400,46,0.8675647668393782
70500,64,1.2070466321243523
70600,43,0.8109844559585492
70700,57,1.0750259067357513
70800,45,0.8487046632124352
70900,55,1.0373056994818652
71000,55,1.0373056994818652
71100,59,1.1127461139896373
71200,58,1.0938860103626944
71300,60,1.1316062176165804
71400,59,1.1127461139896373
71500,50,0.9430051813471503
71600,40,0.7544041450777202
71700,57,1.0750259067357513
71800,52,0.9807253886010363
71900,60,1.1316062176165804
72000,58,1.0938860103626944
72100,51,0.9618652849740933
72200,50,0.9430051813471503
72300,46,0.8675647668393782
72400,48,0.9052849740932642
72500,51,0.9618652849740933
72600,42,0.7921243523316063
72700,45,0.8487046632124352
72800,50,0.9430051813471503
72900,58,1.0938860103626944
73000,62,1.1693264248704662
73100,46,0.8675647668393782
73200,52,0.9807253886010363
73300,38,0.7166839378238342
73400,49,0.9241450777202073
73500,51,0.9618652849740933
73600,51,0.9618652849740933
73700,52,0.9807253886010363
73800,68,1.2824870466321243
73900,54,1.0184455958549223
74000,45,0.8487046632124352
74100,54,1.0184455958549223
74200,59,1.1127461139896373
74300,52,0.9807253886010363
74400,55,1.0373056994818652
74500,64,1.2070466321243523
74600,52,0.9807253886010363
74700,54,1.0184455958549223
74800,46,0.8675647668393782
74900,48,0.9052849740932642
75000,40,0.7544041450777202
75100,55,1.0373056994818652
75200,68,1.2824870466321243
75300,48,0.9052849740932642
75400,65,1.2259067357512954
75500,66,1.2447668393782383
75600,45,0.8487046632124352
75700,53,0.9995854922279793
75800,53,0.9995854922279793
75900,54,1.0184455958549223
76000,68,1.2824870466321243
76100,53,0.9995854922279793
76200,50,0.9430051813471503
76300,55,1.0373056994818652
76400,48,0.9052849740932642
76500,50,0.9430051813471503
76600,61,1.1504663212435233
76700,54,1.0184455958549223
76800,53,0.9995854922279793
76900,50,0.9430051813471503
77000,58,1.0938860103626944
77100,46,0.8675647668393782
77200,43,0.8109844559585492
77300,64,1.2070466321243523
77400,45,0.8487046632124352
77500,51,0.9618652849740933
77600,53,0.9995854922279793
77700,57,1.0750259067357513
77800,54,1.0184455958549223
77900,50,0.9430051813471503
78000,51,0.9618652849740933
78100,58,1.0938860103626944
78200,57,1.0750259067357513
78300,48,0.9052849740932642
78400,48,0.9052849740932642
78500,39,0.7355440414507772
78600,42,0.7921243523316063
78700,52,0.9807253886010363
78800,63,1.1881865284974094
78900,47,0.8864248704663212
79000,54,1.0184455958549223
79100,51,0.9618652849740933
79200,50,0.9430051813471503
79300,56,1.0561658031088084
79400,57,1.0750259067357513
79500,49,0.9241450777202073
79600,60,1.1316062176165804
79700,55,1.0373056994818652
79800,56,1.0561658031088084
79900,62,1.1693264248704662
80000,42,0.7921243523316063
80100,42,0.7921243523316063
80200,55,1.0373056994818652
80300,39,0.7355440414507772
80400,61,1.1504663212435233
80500,41,0.7732642487046633
80600,64,1.2070466321243523
80700,53,0.9995854922279793
80800,41,0.7732642487046633
80900,45,0.8487046632124352
81000,36,0.6789637305699482
81100,63,1.1881865284974094
81200,60,1.1316062176165804
81300,57,1.0750259067357513
81400,39,0.7355440414507772
81500,55,1.0373056994818652
81600,44,0.8298445595854922
81700,54,1.0184455958549223
81800,46,0.8675647668393782
81900,44,0.8298445595854922
82000,41,0.7732642487046633
82100,58,1.0938860103626944
82200,50,0.9430051813471503
82300,69,1.3013471502590674
82400,50,0.9430051813471503
82500,48,0.9052849740932642
82600,48,0.9052849740932642
82700,49,0.9241450777202073
82800,62,1.1693264248704662
82900,51,0.9618652849740933
83000,49,0.9241450777202073
83100,53,0.9995854922279793
83200,52,0.9807253886010363
83300,54,1.0184455958549223
83400,44,0.8298445595854922
83500,44,0.8298445595854922
83600,55,1.0373056994818652
83700,68,1.2824870466321243
83800,57,1.0750259067357513
83900,51,0.9618652849740933
84000,57,1.0750259067357513
84100,68,1.2824870466321243
84200,57,1.0750259067357513
84300,44,0.8298445595854922
84400,51,0.9618652849740933
84500,65,1.2259067357512954
84600,48,0.9052849740932642
84700,50,0.9430051813471503
84800,57,1.0750259067357513
84900,55,1.0373056994818652
85000,48,0.9052849740932642
85100,62,1.1693264248704662
85200,59,1.1127461139896373
85300,55,1.0373056994818652
85400,58,1.0938860103626944
85500,63,1.1881865284974094
85600,47,0.8864248704663212
85700,43,0.8109844559585492
85800,54,1.0184455958549223
85900,69,1.3013471502590674
86000,59,1.1127461139896373
86100,45,0.8487046632124352
86200,49,0.9241450777202073
86300,43,0.8109844559585492
86400,52,0.9807253886010363
86500,61,1.1504663212435233
86600,68,1.2824870466321243
86700,46,0.8675647668393782
86800,63,1.1881865284974094
86900,49,0.9241450777202073
87000,43,0.8109844559585492
87100,58,1.0938860103626944
87200,51,0.9618652849740933
87300,43,0.8109844559585492
87400,41,0.7732642487046633
87500,53,0.9995854922279793
87600,53,0.9995854922279793
87700,53,0.9995854922279793
87800,51,0.9618652849740933
87900,62,1.1693264248704662
88000,47,0.8864248704663212
88100,45,0.8487046632124352
88200,57,1.0750259067357513
88300,52,0.9807253886010363
88400,67,1.2636269430051814
88500,50,0.9430051813471503
88600,55,1.0373056994818652
88700,49,0.9241450777202073
88800,55,1.0373056994818652
88900,52,0.9807253886010363
89000,46,0.8675647668393782
89100,62,1.1693264248704662
89200,61,1.1504663212435233
89300,53,0.9995854922279793
89400,57,1.0750259067357513
89500,56,1.0561658031088084
89600,60,1.1316062176165804
89700,56,1.0561658031088084
89800,58,1.0938860103626944
89900,47,0.8864248704663212
90000,52,0.9807253886010363
90100,54,1.0184455958549223
90200,59,1.1127461139896373
90300,40,0.7544041450777202
90400,59,1.1127461139896373
90500,55,1.0373056994818652
90600,46,0.8675647668393782
90700,45,0.8487046632124352
90800,58,1.0938860103626944
90900,54,1.0184455958549223
91000,41,0.7732642487046633
91100,51,0.9618652849740933
91200,48,0.9052849740932642
91300,64,1.2070466321243523
91400,47,0.8864248704663212
91500,42,0.7921243523316063
91600,62,1.1693264248704662
91700,65,1.2259067357512954
91800,62,1.1693264248704662
91900,55,1.0373056994818652
92000,61,1.1504663212435233
92100,45,0.8487046632124352
92200,58,1.0938860103626944
92300,39,0.7355440414507772
92400,54,1.0184455958549223
92500,59,1.1127461139896373
92600,52,0.9807253886010363
92700,55,1.0373056994818652
92800,58,1.0938860103626944
92900,56,1.0561658031088084
93000,52,0.9807253886010363
93100,47,0.8864248704663212
93200,62,1.1693264248704662
93300,41,0.7732642487046633
93400,49,0.9241450777202073
93500,49,0.9241450777202073
93600,51,0.9618652849740933
93700,64,1.2070466321243523
93800,63,1.1881865284974094
93900,37,0.6978238341968912
94000,51,0.9618652849740933
94100,55,1.0373056994818652
94200,62,1.1693264248704662
94300,52,0.9807253886010363
94400,64,1.2070466321243523
94500,69,1.3013471502590674
94600,60,1.1316062176165804
94700,61,1.1504663212435233
94800,60,1.1316062176165804
94900,60,1.1316062176165804
95000,53,0.9995854922279793
95100,59,1.1127461139896373
95200,58,1.0938860103626944
95300,52,0.9807253886010363
95400,51,0.9618652849740933
95500,49,0.9241450777202073
95600,42,0.7921243523316063
95700,46,0.8675647668393782
95800,62,1.1693264248704662
95900,52,0.9807253886010363
96000,46,0.8675647668393782
96100,47,0.8864248704663212
96200,52,0.9807253886010363
96300,48,0.9052849740932642
96400,54,1.0184455958549223
96500,48,0.9052849740932642
96600,59,1.1127461139896373
96700,57,1.0750259067357513
96800,67,1.2636269430051814
96900,52,0.9807253886010363
97000,40,0.7544041450777202
97100,62,1.1693264248704662
97200,59,1.1127461139896373
97300,53,0.9995854922279793
97400,57,1.0750259067357513
97500,47,0.8864248704663212
97600,58,1.0938860103626944
97700,52,0.9807253886010363
97800,39,0.7355440414507772
97900,49,0.9241450777202073
98000,46,0.8675647668393782
98100,47,0.8864248704663212
98200,50,0.9430051813471503
98300,57,1.0750259067357513
98400,52,0.9807253886010363
98500,51,0.9618652849740933
98600,53,0.9995854922279793
98700,58,1.0938860103626944
98800,59,1.1127461139896373
98900,57,1.0750259067357513
99000,70,1.3202072538860103
99100,46,0.8675647668393782
99200,48,0.9052849740932642
99300,58,1.0938860103626944
99400,59,1.1127461139896373
99500,58,1.0938860103626944
99600,67,1.2636269430051814
99700,49,0.9241450777202073
99800,65,1.2259067357512954
99900,51,0.9618652849740933
100000,42,0.7921243523316063
100100,58,1.0938860103626944
100200,49,0.9241450777202073
100300,51,0.9618652849740933
100400,58,1.0938860103626944
100500,54,1.0184455958549223
100600,54,1.0184455958549223
100700,40,0.7544041450777202
100800,56,1.0561658031088084
100900,53,0.9995854922279793
101000,49,0.9241450777202073
101100,59,1.1127461139896373
101200,56,1.0561658031088084
101300,51,0.9618652849740933
101400,49,0.9241450777202073
101500,56,1.0561658031088084
101600,55,1.0373056994818652
101700,59,1.1127461139896373
101800,65,1.2259067357512954
101900,48,0.9052849740932642
102000,62,1.1693264248704662
102100,47,0.8864248704663212
102200,42,0.7921243523316063
102300,60,1.1316062176165804
102400,48,0.9052849740932642
102500,50,0.9430051813471503
102600,57,1.0750259067357513
102700,64,1.2070466321243523
102800,48,0.9052849740932642
102900,55,1.0373056994818652
103000,45,0.8487046632124352
103100,47,0.8864248704663212
103200,64,1.2070466321243523
103300,58,1.0938860103626944
103400,59,1.1127461139896373
103500,52,0.9807253886010363
103600,61,1.1504663212435233
103700,46,0.8675647668393782
103800,44,0.8298445595854922
103900,49,0.9241450777202073
104000,56,1.0561658031088084
104100,45,0.8487046632124352
104200,47,0.8864248704663212
104300,63,1.1881865284974094
104400,63,1.1881865284974094
104500,48,0.9052849740932642
104600,54,1.0184455958549223
104700,42,0.7921243523316063
104800,52,0.9807253886010363
104900,69,1.3013471502590674
105000,59,1.1127461139896373
105100,59,1.1127461139896373
105200,50,0.9430051813471503
105300,56,1.0561658031088084
105400,69,1.3013471502590674
105500,54,1.0184455958549223
105600,49,0.9241450777202073
105700,61,1.1504663212435233
105800,61,1.1504663212435233
105900,66,1.2447668393782383
106000,45,0.8487046632124352
106100,65,1.2259067357512954
106200,60,1.1316062176165804
106300,49,0.9241450777202073
106400,55,1.0373056994818652
106500,47,0.8864248704663212
106600,59,1.1127461139896373
106700,56,1.0561658031088084
106800,63,1.1881865284974094
106900,51,0.9618652849740933
107000,46,0.8675647668393782
107100,65,1.2259067357512954
107200,57,1.0750259067357513
107300,45,0.8487046632124352
107400,44,0.8298445595854922
107500,60,1.1316062176165804
107600,57,1.0750259067357513
107700,46,0.8675647668393782
107800,54,1.0184455958549223
107900,59,1.1127461139896373
108000,65,1.2259067357512954
108100,44,0.8298445595854922
108200,62,1.1693264248704662
108300,58,1.0938860103626944
108400,56,1.0561658031088084
108500,71,1.3390673575129535
108600,57,1.0750259067357513
108700,50,0.9430051813471503
108800,46,0.8675647668393782
108900,47,0.8864248704663212
109000,52,0.9807253886010363
109100,57,1.0750259067357513
109200,61,1.1504663212435233
109300,37,0.6978238341968912
109400,55,1.0373056994818652
109500,58,1.0938860103626944
109600,53,0.9995854922279793
109700,58,1.0938860103626944
109800,57,1.0750259067357513
109900,71,1.3390673575129535
110000,50,0.9430051813471503
110100,54,1.0184455958549223
110200,50,0.9430051813471503
110300,64,1.2070466321243523
110400,59,1.1127461139896373
110500,65,1.2259067357512954
110600,49,0.9241450777202073
110700,52,0.9807253886010363
110800,63,1.1881865284974094
110900,58,1.0938860103626944
111000,63,1.1881865284974094
111100,35,0.6601036269430052
111200,53,0.9995854922279793
111300,59,1.1127461139896373
111400,56,1.0561658031088084
111500,70,1.3202072538860103
111600,56,1.0561658031088084
111700,51,0.9618652849740933
111800,50,0.9430051813471503
111900,46,0.8675647668393782
112000,53,0.9995854922279793
112100,62,1.1693264248704662
112200,41,0.7732642487046633
112300,61,1.1504663212435233
112400,68,1.2824870466321243
112500,53,0.9995854922279793
112600,47,0.8864248704663212
112700,51,0.9618652849740933
112800,60,1.1316062176165804
112900,53,0.9995854922279793
113000,55,1.0373056994818652
113100,62,1.1693264248704662
113200,47,0.8864248704663212
113300,49,0.9241450777202073
113400,54,1.0184455958549223
113500,61,1.1504663212435233
113600,53,0.9995854922279793
113700,56,1.0561658031088084
113800,48,0.9052849740932642
113900,52,0.9807253886010363
114000,61,1.1504663212435233
114100,57,1.0750259067357513
114200,48,0.9052849740932642
114300,56,1.0561658031088084
114400,47,0.8864248704663212
114500,41,0.7732642487046633
114600,51,0.9618652849740933
114700,64,1.2070466321243523
114800,48,0.9052849740932642
114900,53,0.9995854922279793
115000,45,0.8487046632124352
115100,46,0.8675647668393782
115200,54,1.0184455958549223
115300,54,1.0184455958549223
115400,57,1.0750259067357513
115500,51,0.9618652849740933
115600,48,0.9052849740932642
115700,52,0.9807253886010363
115800,57,1.0750259067357513
115900,50,0.9430051813471503
116000,56,1.0561658031088084
116100,48,0.9052849740932642
116200,49,0.9241450777202073
116300,57,1.0750259067357513
116400,43,0.8109844559585492
116500,50,0.9430051813471503
116600,60,1.1316062176165804
116700,51,0.9618652849740933
116800,47,0.8864248704663212
116900,49,0.9241450777202073
117000,59,1.1127461139896373
117100,44,0.8298445595854922
117200,60,1.1316062176165804
117300,62,1.1693264248704662
117400,61,1.1504663212435233
117500,64,1.2070466321243523
117600,63,1.1881865284974094
117700,39,0.7355440414507772
117800,46,0.8675647668393782
117900,59,1.1127461139896373
118000,59,1.1127461139896373
118100,47,0.8864248704663212
118200,63,1.1881865284974094
118300,55,1.0373056994818652
118400,47,0.8864248704663212
118500,45,0.8487046632124352
118600,49,0.9241450777202073
118700,43,0.8109844559585492
118800,42,0.7921243523316063
118900,57,1.0750259067357513
119000,41,0.7732642487046633
119100,45,0.8487046632124352
119200,71,1.3390673575129535
119300,45,0.8487046632124352
119400,60,1.1316062176165804
119500,44,0.8298445595854922
119600,54,1.0184455958549223
119700,59,1.1127461139896373
119800,64,1.2070466321243523
119900,44,0.8298445595854922
120000,54,1.0184455958549223
120100,65,1.2259067357512954
120200,50,0.9430051813471503
120300,44,0.8298445595854922
120400,58,1.0938860103626944
120500,57,1.0750259067357513
120600,48,0.9052849740932642
120700,43,0.8109844559585492
120800,50,0.9430051813471503
120900,42,0.7921243523316063
121000,54,1.0184455958549223
121100,53,0.9995854922279793
121200,55,1.0373056994818652
121300,46,0.8675647668393782
121400,47,0.8864248704663212
121500,53,0.9995854922279793
121600,51,0.9618652849740933
121700,67,1.2636269430051814
121800,53,0.9995854922279793
121900,68,1.2824870466321243
122000,60,1.1316062176165804
122100,50,0.9430051813471503
122200,49,0.9241450777202073
122300,53,0.9995854922279793
122400,53,0.9995854922279793
122500,56,1.0561658031088084
122600,49,0.9241450777202073
122700,52,0.9807253886010363
122800,54,1.0184455958549223
122900,42,0.7921243523316063
123000,55,1.0373056994818652
123100,59,1.1127461139896373
123200,47,0.8864248704663212
123300,43,0.8109844559585492
123400,56,1.0561658031088084
123500,48,0.9052849740932642
123600,46,0.8675647668393782
123700,43,0.8109844559585492
123800,63,1.1881865284974094
123900,61,1.1504663212435233
124000,54,1.0184455958549223
124100,43,0.8109844559585492
124200,64,1.2070466321243523
124300,56,1.0561658031088084
124400,46,0.8675647668393782
124500,56,1.0561658031088084
124600,49,0.9241450777202073
124700,69,1.3013471502590674
124800,57,1.0750259067357513
124900,56,1.0561658031088084
125000,46,0.8675647668393782
125100,55,1.0373056994818652
125200,48,0.9052849740932642
125300,53,0.9995854922279793
125400,45,0.8487046632124352
125500,45,0.8487046632124352
125600,54,1.0184455958549223
125700,57,1.0750259067357513
125800,63,1.1881865284974094
125900,49,0.9241450777202073
126000,48,0.9052849740932642
126100,61,1.1504663212435233
126200,49,0.9241450777202073
126300,53,0.9995854922279793
126400,41,0.7732642487046633
126500,60,1.1316062176165804
126600,45,0.8487046632124352
126700,52,0.9807253886010363
126800,56,1.0561658031088084
126900,44,0.8298445595854922
127000,41,0.7732642487046633
127100,49,0.9241450777202073
127200,60,1.1316062176165804
127300,54,1.0184455958549223
127400,59,1.1127461139896373
127500,39,0.7355440414507772
127600,54,1.0184455958549223
127700,63,1.1881865284974094
127800,49,0.9241450777202073
127900,50,0.9430051813471503
128000,45,0.8487046632124352
128100,33,0.6223834196891191
128200,44,0.8298445595854922
128300,52,0.9807253886010363
128400,58,1.0938860103626944
128500,63,1.1881865284974094
128600,45,0.8487046632124352
128700,54,1.0184455958549223
128800,53,0.9995854922279793
128900,60,1.1316062176165804
129000,62,1.1693264248704662
129100,54,1.0184455958549223
129200,61,1.1504663212435233
129300,57,1.0750259067357513
129400,58,1.0938860103626944
129500,40,0.7544041450777202
129600,57,1.0750259067357513
129700,45,0.8487046632124352
129800,60,1.1316062176165804
129900,57,1.0750259067357513
130000,70,1.3202072538860103
130100,65,1.2259067357512954
130200,44,0.8298445595854922
130300,54,1.0184455958549223
130400,42,0.7921243523316063
130500,59,1.1127461139896373
130600,58,1.0938860103626944
130700,39,0.7355440414507772
130800,55,1.0373056994818652
130900,51,0.9618652849740933
131000,50,0.9430051813471503
131100,65,1.2259067357512954
131200,53,0.9995854922279793
131300,47,0.8864248704663212
131400,48,0.9052849740932642
131500,55,1.0373056994818652
131600,66,1.2447668393782383
131700,64,1.2070466321243523
131800,51,0.9618652849740933
131900,61,1.1504663212435233
132000,58,1.0938860103626944
132100,51,0.9618652849740933
132200,59,1.1127461139896373
132300,51,0.9618652849740933
132400,53,0.9995854922279793
132500,50,0.9430051813471503
132600,56,1.0561658031088084
132700,57,1.0750259067357513
132800,57,1.0750259067357513
132900,45,0.8487046632124352
133000,46,0.8675647668393782
133100,52,0.9807253886010363
133200,51,0.9618652849740933
133300,42,0.7921243523316063
133400,42,0.7921243523316063
133500,54,1.0184455958549223
133600,39,0.7355440414507772
133700,71,1.3390673575129535
133800,65,1.2259067357512954
133900,54,1.0184455958549223
134000,51,0.9618652849740933
134100,62,1.1693264248704662
134200,60,1.1316062176165804
134300,58,1.0938860103626944
134400,65,1.2259067357512954
134500,39,0.7355440414507772
134600,43,0.8109844559585492
134700,48,0.9052849740932642
134800,54,1.0184455958549223
134900,59,1.1127461139896373
135000,57,1.0750259067357513
135100,60,1.1316062176165804
135200,52,0.9807253886010363
135300,61,1.1504663212435233
135400,57,1.0750259067357513
135500,57,1.0750259067357513
135600,58,1.0938860103626944
135700,55,1.0373056994818652
135800,40,0.7544041450777202
135900,60,1.1316062176165804
136000,61,1.1504663212435233
136100,58,1.0938860103626944
136200,56,1.0561658031088084
136300,44,0.8298445595854922
136400,48,0.9052849740932642
136500,61,1.1504663212435233
136600,47,0.8864248704663212
136700,51,0.9618652849740933
136800,53,0.9995854922279793
136900,68,1.2824870466321243
137000,54,1.0184455958549223
137100,45,0.8487046632124352
137200,62,1.1693264248704662
137300,51,0.9618652849740933
137400,67,1.2636269430051814
137500,43,0.8109844559585492
137600,62,1.1693264248704662
137700,51,0.9618652849740933
137800,44,0.8298445595854922
137900,54,1.0184455958549223
138000,47,0.8864248704663212
138100,54,1.0184455958549223
138200,57,1.0750259067357513
138300,59,1.1127461139896373
138400,52,0.9807253886010363
138500,58,1.0938860103626944
138600,41,0.7732642487046633
138700,45,0.8487046632124352
138800,56,1.0561658031088084
138900,44,0.8298445595854922
139000,49,0.9241450777202073
139100,59,1.1127461139896373
139200,56,1.0561658031088084
139300,47,0.8864248704663212
139400,54,1.0184455958549223
139500,55,1.0373056994818652
139600,40,0.7544041450777202
139700,53,0.9995854922279793
139800,49,0.9241450777202073
139900,57,1.0750259067357513
140000,45,0.8487046632124352
140100,49,0.9241450777202073
140200,51,0.9618652849740933
140300,49,0.9241450777202073
140400,58,1.0938860103626944
140500,57,1.0750259067357513
140600,68,1.2824870466321243
140700,48,0.9052849740932642
140800,66,1.2447668393782383
140900,52,0.9807253886010363
141000,48,0.9052849740932642
141100,52,0.9807253886010363
141200,52,0.9807253886010363
141300,61,1.1504663212435233
141400,72,1.3579274611398964
141500,60,1.1316062176165804
141600,53,0.9995854922279793
141700,47,0.8864248704663212
141800,60,1.1316062176165804
141900,48,0.9052849740932642
142000,51,0.9618652849740933
142100,52,0.9807253886010363
142200,50,0.9430051813471503
142300,54,1.0184455958549223
142400,43,0.8109844559585492
142500,53,0.9995854922279793
142600,41,0.7732642487046633
142700,53,0.9995854922279793
142800,55,1.0373056994818652
142900,49,0.9241450777202073
143000,58,1.0938860103626944
143100,44,0.8298445595854922
143200,58,1.0938860103626944
143300,53,0.9995854922279793
143400,53,0.9995854922279793
143500,57,1.0750259067357513
143600,51,0.9618652849740933
143700,52,0.9807253886010363
143800,60,1.1316062176165804
143900,51,0.9618652849740933
144000,50,0.9430051813471503
144100,64,1.2070466321243523
144200,48,0.9052849740932642
144300,50,0.9430051813471503
144400,51,0.9618652849740933
144500,51,0.9618652849740933
144600,56,1.0561658031088084
144700,42,0.7921243523316063
144800,50,0.9430051813471503
144900,51,0.9618652849740933
145000,54,1.0184455958549223
145100,55,1.0373056994818652
145200,59,1.1127461139896373
145300,52,0.9807253886010363
145400,48,0.9052849740932642
145500,41,0.7732642487046633
145600,47,0.8864248704663212
145700,61,1.1504663212435233
145800,46,0.8675647668393782
145900,49,0.9241450777202073
146000,45,0.8487046632124352
146100,60,1.1316062176165804
146200,63,1.1881865284974094
146300,55,1.0373056994818652
146400,57,1.0750259067357513
146500,49,0.9241450777202073
146600,54,1.0184455958549223
146700,50,0.9430051813471503
146800,62,1.1693264248704662
146900,64,1.2070466321243523
147000,50,0.9430051813471503
147100,52,0.9807253886010363
147200,43,0.8109844559585492
147300,57,1.0750259067357513
147400,50,0.9430051813471503
147500,55,1.0373056994818652
147600,48,0.9052849740932642
147700,50,0.9430051813471503
147800,47,0.8864248704663212
147900,46,0.8675647668393782
148000,45,0.8487046632124352
148100,61,1.1504663212435233
148200,51,0.9618652849740933
148300,47,0.8864248704663212
148400,55,1.0373056994818652
148500,61,1.1504663212435233
148600,37,0.6978238341968912
148700,58,1.0938860103626944
148800,51,0.9618652849740933
148900,62,1.1693264248704662
149000,46,0.8675647668393782
149100,40,0.7544041450777202
149200,48,0.9052849740932642
149300,50,0.9430051813471503
149400,57,1.0750259067357513
149500,62,1.1693264248704662
149600,46,0.8675647668393782
149700,58,1.0938860103626944
149800,59,1.1127461139896373
149900,41,0.7732642487046633
